order_id	restaurant_id	order_time	ready_time	pickup_time	items_count	cooking_type	is_peak_hour
O_1	R_47	06-01-2025 11:10	06-01-2025 11:39	06-01-2025 11:45	3	fried	1
O_2	R_20	05-01-2025 09:34	05-01-2025 10:02	05-01-2025 10:06	3	fried	1
O_3	R_20	07-01-2025 04:42	07-01-2025 05:13	07-01-2025 05:19	2	grilled	1
O_4	R_9	06-01-2025 05:49	06-01-2025 06:00	06-01-2025 06:05	5	fried	0
O_5	R_9	04-01-2025 13:55	04-01-2025 14:26	04-01-2025 14:32	4	baked	0
O_6	R_40	07-01-2025 10:26	07-01-2025 10:45	07-01-2025 10:50	4	baked	1
O_7	R_27	08-01-2025 08:38	08-01-2025 09:02	08-01-2025 09:09	3	grilled	1
O_8	R_2	06-01-2025 18:54	06-01-2025 19:23	06-01-2025 19:25	3	grilled	0
O_9	R_39	04-01-2025 02:50	04-01-2025 03:06	04-01-2025 03:12	1	fried	0
O_10	R_10	05-01-2025 03:53	05-01-2025 04:06	05-01-2025 04:08	4	simple	1
O_11	R_39	07-01-2025 06:33	07-01-2025 06:51	07-01-2025 06:54	5	grilled	1
O_12	R_27	08-01-2025 01:15	08-01-2025 01:39	08-01-2025 01:44	4	baked	0
O_13	R_43	01-01-2025 22:55	01-01-2025 23:19	01-01-2025 23:23	1	simple	1
O_14	R_45	02-01-2025 12:25	02-01-2025 12:42	02-01-2025 12:47	2	grilled	1
O_15	R_46	04-01-2025 02:03	04-01-2025 02:34	04-01-2025 02:40	2	grilled	1
O_16	R_27	05-01-2025 08:35	05-01-2025 08:46	05-01-2025 08:49	4	fried	1
O_17	R_23	06-01-2025 17:09	06-01-2025 17:41	06-01-2025 17:46	1	grilled	1
O_18	R_5	05-01-2025 21:19	05-01-2025 21:49	05-01-2025 21:55	2	simple	0
O_19	R_16	07-01-2025 20:28	07-01-2025 21:01	07-01-2025 21:04	1	grilled	1
O_20	R_23	05-01-2025 19:31	05-01-2025 19:53	05-01-2025 19:55	5	simple	0
O_21	R_44	01-01-2025 11:04	01-01-2025 11:38	01-01-2025 11:40	1	simple	1
O_22	R_36	03-01-2025 06:55	03-01-2025 07:28	03-01-2025 07:32	3	baked	0
O_23	R_44	01-01-2025 16:31	01-01-2025 16:43	01-01-2025 16:47	1	simple	0
O_24	R_10	05-01-2025 12:12	05-01-2025 12:31	05-01-2025 12:34	1	grilled	1
O_25	R_43	05-01-2025 18:38	05-01-2025 18:56	05-01-2025 19:01	2	simple	0
O_26	R_30	06-01-2025 10:15	06-01-2025 10:47	06-01-2025 10:54	5	grilled	0
O_27	R_35	03-01-2025 07:31	03-01-2025 07:48	03-01-2025 07:55	3	baked	0
O_28	R_36	04-01-2025 22:16	04-01-2025 22:28	04-01-2025 22:34	3	grilled	0
O_29	R_5	02-01-2025 03:08	02-01-2025 03:40	02-01-2025 03:47	3	baked	0
O_30	R_1	01-01-2025 13:26	01-01-2025 13:50	01-01-2025 13:53	2	grilled	1
O_31	R_20	02-01-2025 10:44	02-01-2025 11:12	02-01-2025 11:14	4	grilled	0
O_32	R_47	05-01-2025 14:19	05-01-2025 14:33	05-01-2025 14:39	3	fried	0
O_33	R_28	02-01-2025 03:39	02-01-2025 04:01	02-01-2025 04:05	3	grilled	1
O_34	R_33	05-01-2025 12:35	05-01-2025 12:46	05-01-2025 12:49	5	baked	1
O_35	R_8	03-01-2025 06:53	03-01-2025 07:14	03-01-2025 07:19	4	simple	1
O_36	R_50	05-01-2025 04:50	05-01-2025 05:22	05-01-2025 05:27	1	baked	0
O_37	R_5	06-01-2025 13:12	06-01-2025 13:22	06-01-2025 13:24	3	fried	1
O_38	R_10	06-01-2025 02:56	06-01-2025 03:25	06-01-2025 03:31	1	fried	0
O_39	R_41	06-01-2025 15:26	06-01-2025 15:41	06-01-2025 15:45	1	fried	1
O_40	R_3	04-01-2025 00:28	04-01-2025 00:38	04-01-2025 00:42	2	fried	1
O_41	R_34	01-01-2025 21:03	01-01-2025 21:27	01-01-2025 21:31	1	simple	1
O_42	R_31	05-01-2025 01:12	05-01-2025 01:38	05-01-2025 01:41	4	simple	1
O_43	R_2	03-01-2025 21:41	03-01-2025 21:57	03-01-2025 22:00	3	fried	0
O_44	R_11	02-01-2025 13:16	02-01-2025 13:42	02-01-2025 13:44	3	baked	0
O_45	R_19	04-01-2025 16:57	04-01-2025 17:28	04-01-2025 17:34	1	grilled	0
O_46	R_20	05-01-2025 01:29	05-01-2025 01:59	05-01-2025 02:04	2	baked	1
O_47	R_2	08-01-2025 07:25	08-01-2025 07:57	08-01-2025 08:02	3	baked	1
O_48	R_29	04-01-2025 08:18	04-01-2025 08:44	04-01-2025 08:51	5	fried	1
O_49	R_40	06-01-2025 19:37	06-01-2025 19:52	06-01-2025 19:59	3	grilled	0
O_50	R_5	05-01-2025 18:47	05-01-2025 18:57	05-01-2025 18:59	4	grilled	0
O_51	R_28	03-01-2025 03:51	03-01-2025 04:03	03-01-2025 04:08	4	baked	0
O_52	R_11	05-01-2025 23:06	05-01-2025 23:18	05-01-2025 23:22	4	baked	1
O_53	R_5	02-01-2025 14:54	02-01-2025 15:23	02-01-2025 15:25	1	baked	1
O_54	R_21	05-01-2025 09:59	05-01-2025 10:15	05-01-2025 10:18	1	simple	0
O_55	R_22	07-01-2025 01:55	07-01-2025 02:29	07-01-2025 02:31	2	baked	0
O_56	R_30	05-01-2025 06:14	05-01-2025 06:33	05-01-2025 06:37	4	grilled	1
O_57	R_32	07-01-2025 12:55	07-01-2025 13:29	07-01-2025 13:34	4	simple	0
O_58	R_23	02-01-2025 20:09	02-01-2025 20:19	02-01-2025 20:26	4	grilled	0
O_59	R_9	03-01-2025 13:48	03-01-2025 14:20	03-01-2025 14:22	1	fried	0
O_60	R_47	08-01-2025 06:34	08-01-2025 06:59	08-01-2025 07:03	4	baked	1
O_61	R_41	05-01-2025 17:17	05-01-2025 17:50	05-01-2025 17:52	4	simple	0
O_62	R_48	02-01-2025 13:28	02-01-2025 13:45	02-01-2025 13:50	4	grilled	1
O_63	R_24	03-01-2025 04:37	03-01-2025 05:11	03-01-2025 05:15	1	fried	0
O_64	R_18	03-01-2025 11:21	03-01-2025 11:44	03-01-2025 11:47	2	fried	1
O_65	R_7	02-01-2025 01:56	02-01-2025 02:14	02-01-2025 02:19	1	baked	1
O_66	R_25	06-01-2025 05:44	06-01-2025 06:07	06-01-2025 06:13	4	simple	1
O_67	R_47	05-01-2025 14:15	05-01-2025 14:32	05-01-2025 14:36	1	simple	1
O_68	R_7	04-01-2025 13:55	04-01-2025 14:23	04-01-2025 14:30	5	fried	0
O_69	R_26	05-01-2025 12:15	05-01-2025 12:26	05-01-2025 12:32	1	grilled	1
O_70	R_3	06-01-2025 07:02	06-01-2025 07:12	06-01-2025 07:18	4	grilled	0
O_71	R_7	07-01-2025 16:07	07-01-2025 16:35	07-01-2025 16:40	3	simple	1
O_72	R_33	06-01-2025 17:59	06-01-2025 18:25	06-01-2025 18:30	4	grilled	1
O_73	R_29	02-01-2025 03:49	02-01-2025 04:19	02-01-2025 04:26	3	baked	1
O_74	R_17	02-01-2025 03:40	02-01-2025 04:13	02-01-2025 04:19	1	grilled	1
O_75	R_21	01-01-2025 20:06	01-01-2025 20:18	01-01-2025 20:23	1	grilled	1
O_76	R_39	01-01-2025 13:10	01-01-2025 13:40	01-01-2025 13:42	3	baked	1
O_77	R_12	02-01-2025 16:16	02-01-2025 16:35	02-01-2025 16:42	2	baked	0
O_78	R_29	02-01-2025 17:35	02-01-2025 17:58	02-01-2025 18:01	2	simple	0
O_79	R_17	01-01-2025 12:34	01-01-2025 12:53	01-01-2025 12:56	2	fried	0
O_80	R_17	07-01-2025 00:56	07-01-2025 01:14	07-01-2025 01:18	5	simple	1
O_81	R_39	03-01-2025 08:46	03-01-2025 08:58	03-01-2025 09:01	1	baked	1
O_82	R_26	07-01-2025 11:16	07-01-2025 11:32	07-01-2025 11:34	4	fried	0
O_83	R_42	03-01-2025 01:28	03-01-2025 01:45	03-01-2025 01:52	4	grilled	0
O_84	R_33	06-01-2025 00:14	06-01-2025 00:38	06-01-2025 00:43	2	simple	1
O_85	R_18	05-01-2025 12:39	05-01-2025 13:11	05-01-2025 13:18	3	simple	0
O_86	R_42	04-01-2025 00:49	04-01-2025 01:20	04-01-2025 01:23	2	fried	1
O_87	R_17	08-01-2025 07:07	08-01-2025 07:26	08-01-2025 07:33	3	baked	1
O_88	R_44	03-01-2025 14:04	03-01-2025 14:25	03-01-2025 14:30	5	simple	0
O_89	R_31	05-01-2025 02:35	05-01-2025 02:50	05-01-2025 02:56	4	baked	1
O_90	R_33	04-01-2025 07:02	04-01-2025 07:14	04-01-2025 07:19	5	grilled	1
O_91	R_22	01-01-2025 20:35	01-01-2025 20:54	01-01-2025 21:01	3	simple	0
O_92	R_23	07-01-2025 04:31	07-01-2025 04:59	07-01-2025 05:04	2	baked	0
O_93	R_22	08-01-2025 01:21	08-01-2025 01:35	08-01-2025 01:38	5	grilled	1
O_94	R_30	03-01-2025 09:18	03-01-2025 09:36	03-01-2025 09:41	5	fried	0
O_95	R_50	02-01-2025 04:01	02-01-2025 04:11	02-01-2025 04:14	1	simple	1
O_96	R_47	06-01-2025 13:24	06-01-2025 13:54	06-01-2025 13:56	5	baked	0
O_97	R_7	08-01-2025 03:02	08-01-2025 03:16	08-01-2025 03:23	5	grilled	0
O_98	R_48	07-01-2025 01:30	07-01-2025 01:51	07-01-2025 01:54	3	fried	0
O_99	R_19	06-01-2025 10:53	06-01-2025 11:27	06-01-2025 11:33	4	simple	0
O_100	R_48	02-01-2025 21:41	02-01-2025 22:04	02-01-2025 22:11	4	fried	0
O_101	R_28	06-01-2025 00:17	06-01-2025 00:42	06-01-2025 00:48	4	grilled	0
O_102	R_46	06-01-2025 13:41	06-01-2025 13:55	06-01-2025 13:58	2	simple	1
O_103	R_4	03-01-2025 09:29	03-01-2025 09:58	03-01-2025 10:01	2	fried	0
O_104	R_3	03-01-2025 03:29	03-01-2025 03:39	03-01-2025 03:45	5	simple	1
O_105	R_41	03-01-2025 09:19	03-01-2025 09:44	03-01-2025 09:47	1	grilled	1
O_106	R_49	07-01-2025 17:27	07-01-2025 17:56	07-01-2025 18:01	2	fried	0
O_107	R_42	03-01-2025 02:27	03-01-2025 02:37	03-01-2025 02:39	5	fried	0
O_108	R_8	05-01-2025 09:32	05-01-2025 09:53	05-01-2025 09:57	1	grilled	0
O_109	R_14	04-01-2025 03:13	04-01-2025 03:33	04-01-2025 03:38	5	grilled	0
O_110	R_5	04-01-2025 06:27	04-01-2025 06:50	04-01-2025 06:53	5	fried	0
O_111	R_29	07-01-2025 15:05	07-01-2025 15:17	07-01-2025 15:19	2	grilled	1
O_112	R_5	06-01-2025 02:28	06-01-2025 02:47	06-01-2025 02:50	2	fried	0
O_113	R_11	07-01-2025 12:48	07-01-2025 13:04	07-01-2025 13:09	2	fried	0
O_114	R_29	05-01-2025 09:45	05-01-2025 10:07	05-01-2025 10:11	5	baked	1
O_115	R_30	06-01-2025 16:27	06-01-2025 17:01	06-01-2025 17:07	5	baked	0
O_116	R_18	07-01-2025 13:47	07-01-2025 14:06	07-01-2025 14:12	1	fried	1
O_117	R_44	03-01-2025 08:26	03-01-2025 08:52	03-01-2025 08:56	4	fried	1
O_118	R_24	04-01-2025 23:04	04-01-2025 23:20	04-01-2025 23:27	5	fried	1
O_119	R_14	03-01-2025 19:20	03-01-2025 19:52	03-01-2025 19:58	1	simple	0
O_120	R_7	04-01-2025 20:48	04-01-2025 21:14	04-01-2025 21:16	4	grilled	1
O_121	R_45	01-01-2025 22:08	01-01-2025 22:39	01-01-2025 22:45	3	baked	0
O_122	R_42	01-01-2025 16:35	01-01-2025 16:53	01-01-2025 16:57	4	baked	0
O_123	R_12	03-01-2025 03:42	03-01-2025 04:05	03-01-2025 04:10	3	fried	1
O_124	R_17	05-01-2025 05:26	05-01-2025 05:51	05-01-2025 05:57	5	simple	0
O_125	R_14	04-01-2025 12:51	04-01-2025 13:25	04-01-2025 13:30	3	fried	0
O_126	R_50	06-01-2025 17:31	06-01-2025 18:01	06-01-2025 18:03	5	baked	0
O_127	R_50	05-01-2025 00:01	05-01-2025 00:17	05-01-2025 00:24	2	simple	0
O_128	R_45	06-01-2025 12:10	06-01-2025 12:42	06-01-2025 12:48	3	baked	0
O_129	R_30	06-01-2025 03:21	06-01-2025 03:45	06-01-2025 03:50	1	grilled	1
O_130	R_36	02-01-2025 01:53	02-01-2025 02:14	02-01-2025 02:16	5	baked	1
O_131	R_7	02-01-2025 11:42	02-01-2025 12:05	02-01-2025 12:11	2	baked	0
O_132	R_36	06-01-2025 05:38	06-01-2025 05:49	06-01-2025 05:55	5	baked	0
O_133	R_7	05-01-2025 06:21	05-01-2025 06:49	05-01-2025 06:55	1	fried	1
O_134	R_19	07-01-2025 10:51	07-01-2025 11:17	07-01-2025 11:19	5	fried	1
O_135	R_28	03-01-2025 14:21	03-01-2025 14:49	03-01-2025 14:55	4	baked	1
O_136	R_28	04-01-2025 07:46	04-01-2025 08:05	04-01-2025 08:08	3	grilled	0
O_137	R_40	04-01-2025 09:08	04-01-2025 09:30	04-01-2025 09:33	4	baked	1
O_138	R_15	07-01-2025 20:33	07-01-2025 21:02	07-01-2025 21:07	5	fried	0
O_139	R_17	08-01-2025 01:36	08-01-2025 01:52	08-01-2025 01:54	3	simple	0
O_140	R_17	01-01-2025 18:24	01-01-2025 18:50	01-01-2025 18:52	1	simple	1
O_141	R_5	01-01-2025 12:13	01-01-2025 12:34	01-01-2025 12:40	5	grilled	0
O_142	R_9	04-01-2025 19:50	04-01-2025 20:20	04-01-2025 20:27	5	fried	0
O_143	R_13	05-01-2025 03:08	05-01-2025 03:21	05-01-2025 03:25	3	grilled	1
O_144	R_11	05-01-2025 17:10	05-01-2025 17:28	05-01-2025 17:30	1	fried	0
O_145	R_38	07-01-2025 00:13	07-01-2025 00:25	07-01-2025 00:27	3	simple	1
O_146	R_19	02-01-2025 08:33	02-01-2025 08:58	02-01-2025 09:05	4	simple	1
O_147	R_3	01-01-2025 21:07	01-01-2025 21:37	01-01-2025 21:40	4	baked	1
O_148	R_13	03-01-2025 23:59	04-01-2025 00:26	04-01-2025 00:31	4	fried	0
O_149	R_10	04-01-2025 18:35	04-01-2025 19:06	04-01-2025 19:08	1	simple	0
O_150	R_38	05-01-2025 16:12	05-01-2025 16:41	05-01-2025 16:47	4	grilled	1
O_151	R_26	02-01-2025 01:24	02-01-2025 01:46	02-01-2025 01:53	3	fried	0
O_152	R_44	05-01-2025 09:13	05-01-2025 09:41	05-01-2025 09:47	1	grilled	1
O_153	R_22	01-01-2025 10:09	01-01-2025 10:42	01-01-2025 10:49	2	simple	0
O_154	R_44	04-01-2025 23:24	04-01-2025 23:56	04-01-2025 23:58	1	baked	1
O_155	R_40	07-01-2025 06:15	07-01-2025 06:39	07-01-2025 06:41	3	fried	0
O_156	R_46	06-01-2025 14:09	06-01-2025 14:43	06-01-2025 14:50	3	grilled	0
O_157	R_25	04-01-2025 17:44	04-01-2025 18:06	04-01-2025 18:08	2	grilled	0
O_158	R_16	06-01-2025 11:06	06-01-2025 11:16	06-01-2025 11:22	4	simple	0
O_159	R_46	08-01-2025 06:20	08-01-2025 06:35	08-01-2025 06:39	5	simple	0
O_160	R_11	06-01-2025 09:00	06-01-2025 09:30	06-01-2025 09:36	2	grilled	1
O_161	R_1	04-01-2025 07:38	04-01-2025 08:04	04-01-2025 08:10	1	baked	1
O_162	R_48	02-01-2025 20:08	02-01-2025 20:36	02-01-2025 20:42	5	fried	1
O_163	R_39	05-01-2025 06:45	05-01-2025 06:55	05-01-2025 06:57	2	baked	1
O_164	R_20	06-01-2025 10:39	06-01-2025 10:55	06-01-2025 10:58	2	grilled	1
O_165	R_41	01-01-2025 22:50	01-01-2025 23:17	01-01-2025 23:22	1	baked	1
O_166	R_6	07-01-2025 06:27	07-01-2025 06:41	07-01-2025 06:48	3	simple	0
O_167	R_30	05-01-2025 23:04	05-01-2025 23:29	05-01-2025 23:35	5	simple	1
O_168	R_17	04-01-2025 15:53	04-01-2025 16:13	04-01-2025 16:17	4	simple	1
O_169	R_32	06-01-2025 05:49	06-01-2025 06:16	06-01-2025 06:19	2	fried	1
O_170	R_4	08-01-2025 01:10	08-01-2025 01:38	08-01-2025 01:41	4	grilled	0
O_171	R_26	04-01-2025 09:01	04-01-2025 09:11	04-01-2025 09:16	2	grilled	0
O_172	R_1	02-01-2025 22:20	02-01-2025 22:33	02-01-2025 22:36	1	simple	1
O_173	R_34	03-01-2025 09:12	03-01-2025 09:41	03-01-2025 09:47	2	baked	1
O_174	R_37	05-01-2025 06:49	05-01-2025 07:11	05-01-2025 07:18	3	baked	0
O_175	R_42	02-01-2025 17:46	02-01-2025 18:10	02-01-2025 18:12	3	simple	1
O_176	R_4	05-01-2025 14:31	05-01-2025 14:48	05-01-2025 14:53	4	fried	1
O_177	R_28	07-01-2025 07:12	07-01-2025 07:24	07-01-2025 07:28	3	baked	0
O_178	R_5	01-01-2025 21:11	01-01-2025 21:38	01-01-2025 21:44	2	fried	0
O_179	R_48	06-01-2025 16:10	06-01-2025 16:40	06-01-2025 16:46	2	grilled	1
O_180	R_26	04-01-2025 17:37	04-01-2025 18:08	04-01-2025 18:14	1	simple	0
O_181	R_35	05-01-2025 20:16	05-01-2025 20:37	05-01-2025 20:40	2	baked	0
O_182	R_16	08-01-2025 07:45	08-01-2025 08:07	08-01-2025 08:11	1	baked	1
O_183	R_17	05-01-2025 17:10	05-01-2025 17:44	05-01-2025 17:51	3	simple	0
O_184	R_9	04-01-2025 07:03	04-01-2025 07:29	04-01-2025 07:32	4	grilled	0
O_185	R_46	02-01-2025 07:16	02-01-2025 07:45	02-01-2025 07:52	2	fried	1
O_186	R_1	07-01-2025 01:50	07-01-2025 02:13	07-01-2025 02:16	5	grilled	1
O_187	R_10	04-01-2025 15:01	04-01-2025 15:34	04-01-2025 15:38	3	fried	0
O_188	R_26	02-01-2025 01:18	02-01-2025 01:41	02-01-2025 01:45	4	grilled	0
O_189	R_41	03-01-2025 17:45	03-01-2025 18:00	03-01-2025 18:04	3	baked	0
O_190	R_50	07-01-2025 01:52	07-01-2025 02:24	07-01-2025 02:30	4	simple	1
O_191	R_13	02-01-2025 03:42	02-01-2025 04:16	02-01-2025 04:18	2	baked	1
O_192	R_27	04-01-2025 15:12	04-01-2025 15:38	04-01-2025 15:44	4	grilled	0
O_193	R_18	08-01-2025 05:15	08-01-2025 05:34	08-01-2025 05:38	1	grilled	0
O_194	R_15	07-01-2025 22:01	07-01-2025 22:25	07-01-2025 22:30	2	fried	0
O_195	R_7	06-01-2025 22:23	06-01-2025 22:40	06-01-2025 22:42	4	fried	0
O_196	R_15	03-01-2025 03:12	03-01-2025 03:26	03-01-2025 03:33	4	grilled	1
O_197	R_35	02-01-2025 15:21	02-01-2025 15:54	02-01-2025 15:58	5	fried	1
O_198	R_4	04-01-2025 01:32	04-01-2025 02:06	04-01-2025 02:08	5	fried	1
O_199	R_5	02-01-2025 14:53	02-01-2025 15:08	02-01-2025 15:13	3	fried	1
O_200	R_6	04-01-2025 00:15	04-01-2025 00:47	04-01-2025 00:49	3	grilled	0
O_201	R_37	03-01-2025 05:10	03-01-2025 05:27	03-01-2025 05:33	4	fried	1
O_202	R_30	05-01-2025 03:02	05-01-2025 03:17	05-01-2025 03:20	4	simple	1
O_203	R_48	07-01-2025 02:35	07-01-2025 02:59	07-01-2025 03:06	1	baked	1
O_204	R_13	03-01-2025 04:31	03-01-2025 04:46	03-01-2025 04:50	1	simple	1
O_205	R_20	02-01-2025 00:06	02-01-2025 00:26	02-01-2025 00:29	3	baked	0
O_206	R_15	05-01-2025 21:49	05-01-2025 22:20	05-01-2025 22:25	3	simple	1
O_207	R_18	01-01-2025 13:44	01-01-2025 14:13	01-01-2025 14:15	4	grilled	0
O_208	R_44	02-01-2025 20:08	02-01-2025 20:31	02-01-2025 20:38	5	fried	1
O_209	R_19	04-01-2025 08:34	04-01-2025 08:47	04-01-2025 08:53	3	grilled	0
O_210	R_38	04-01-2025 00:24	04-01-2025 00:39	04-01-2025 00:42	2	fried	0
O_211	R_32	05-01-2025 14:38	05-01-2025 14:57	05-01-2025 15:02	2	grilled	0
O_212	R_12	05-01-2025 02:07	05-01-2025 02:18	05-01-2025 02:23	1	simple	0
O_213	R_15	03-01-2025 09:12	03-01-2025 09:30	03-01-2025 09:34	3	baked	1
O_214	R_45	07-01-2025 21:10	07-01-2025 21:36	07-01-2025 21:42	4	baked	1
O_215	R_18	02-01-2025 17:48	02-01-2025 18:21	02-01-2025 18:25	1	fried	1
O_216	R_45	03-01-2025 05:55	03-01-2025 06:07	03-01-2025 06:11	1	grilled	1
O_217	R_12	03-01-2025 18:31	03-01-2025 19:02	03-01-2025 19:07	5	fried	1
O_218	R_37	07-01-2025 17:04	07-01-2025 17:18	07-01-2025 17:25	4	baked	1
O_219	R_46	08-01-2025 00:26	08-01-2025 00:56	08-01-2025 01:02	5	baked	0
O_220	R_4	06-01-2025 15:46	06-01-2025 16:09	06-01-2025 16:12	4	baked	0
O_221	R_18	02-01-2025 03:45	02-01-2025 04:19	02-01-2025 04:22	3	grilled	0
O_222	R_17	05-01-2025 23:25	05-01-2025 23:35	05-01-2025 23:37	1	simple	0
O_223	R_47	02-01-2025 06:48	02-01-2025 07:12	02-01-2025 07:15	5	grilled	1
O_224	R_9	04-01-2025 04:58	04-01-2025 05:14	04-01-2025 05:18	3	fried	0
O_225	R_45	02-01-2025 06:02	02-01-2025 06:19	02-01-2025 06:22	4	simple	0
O_226	R_19	05-01-2025 09:42	05-01-2025 09:52	05-01-2025 09:57	3	fried	1
O_227	R_4	02-01-2025 22:44	02-01-2025 22:59	02-01-2025 23:01	1	grilled	0
O_228	R_5	02-01-2025 01:50	02-01-2025 02:00	02-01-2025 02:07	4	grilled	1
O_229	R_5	04-01-2025 14:52	04-01-2025 15:11	04-01-2025 15:13	5	fried	0
O_230	R_11	05-01-2025 20:11	05-01-2025 20:33	05-01-2025 20:38	5	fried	1
O_231	R_29	03-01-2025 01:31	03-01-2025 01:52	03-01-2025 01:58	2	fried	0
O_232	R_49	01-01-2025 11:34	01-01-2025 12:02	01-01-2025 12:06	4	simple	1
O_233	R_27	01-01-2025 23:13	01-01-2025 23:33	01-01-2025 23:37	5	grilled	1
O_234	R_34	05-01-2025 16:46	05-01-2025 17:10	05-01-2025 17:13	3	fried	1
O_235	R_28	06-01-2025 19:43	06-01-2025 20:10	06-01-2025 20:12	1	fried	0
O_236	R_25	08-01-2025 05:51	08-01-2025 06:11	08-01-2025 06:16	4	baked	1
O_237	R_29	04-01-2025 02:36	04-01-2025 02:53	04-01-2025 02:56	1	simple	1
O_238	R_13	05-01-2025 14:24	05-01-2025 14:55	05-01-2025 14:59	5	grilled	1
O_239	R_46	03-01-2025 18:08	03-01-2025 18:39	03-01-2025 18:43	1	simple	1
O_240	R_45	05-01-2025 09:32	05-01-2025 10:02	05-01-2025 10:05	4	simple	1
O_241	R_24	03-01-2025 12:30	03-01-2025 13:04	03-01-2025 13:06	3	baked	1
O_242	R_47	03-01-2025 07:08	03-01-2025 07:32	03-01-2025 07:34	5	baked	0
O_243	R_38	07-01-2025 05:53	07-01-2025 06:22	07-01-2025 06:24	5	fried	1
O_244	R_46	06-01-2025 22:50	06-01-2025 23:19	06-01-2025 23:21	2	simple	0
O_245	R_31	06-01-2025 22:53	06-01-2025 23:04	06-01-2025 23:07	3	fried	1
O_246	R_36	05-01-2025 22:10	05-01-2025 22:36	05-01-2025 22:40	3	simple	1
O_247	R_39	02-01-2025 06:05	02-01-2025 06:38	02-01-2025 06:40	4	simple	1
O_248	R_48	03-01-2025 21:32	03-01-2025 22:05	03-01-2025 22:07	1	baked	0
O_249	R_40	04-01-2025 17:17	04-01-2025 17:44	04-01-2025 17:50	1	grilled	0
O_250	R_32	04-01-2025 20:24	04-01-2025 20:53	04-01-2025 20:55	1	grilled	1
O_251	R_38	03-01-2025 23:41	04-01-2025 00:12	04-01-2025 00:17	5	fried	1
O_252	R_36	06-01-2025 01:44	06-01-2025 02:00	06-01-2025 02:02	5	simple	1
O_253	R_30	03-01-2025 03:22	03-01-2025 03:55	03-01-2025 03:59	5	fried	0
O_254	R_44	04-01-2025 13:24	04-01-2025 13:49	04-01-2025 13:53	2	baked	0
O_255	R_46	05-01-2025 05:30	05-01-2025 05:54	05-01-2025 05:57	2	grilled	1
O_256	R_6	04-01-2025 22:43	04-01-2025 23:09	04-01-2025 23:12	3	grilled	0
O_257	R_39	05-01-2025 14:16	05-01-2025 14:33	05-01-2025 14:39	3	baked	1
O_258	R_19	04-01-2025 19:13	04-01-2025 19:32	04-01-2025 19:36	2	fried	1
O_259	R_26	01-01-2025 10:54	01-01-2025 11:21	01-01-2025 11:27	1	fried	0
O_260	R_21	05-01-2025 13:14	05-01-2025 13:47	05-01-2025 13:51	5	grilled	1
O_261	R_29	06-01-2025 10:21	06-01-2025 10:55	06-01-2025 11:01	3	simple	0
O_262	R_31	06-01-2025 19:36	06-01-2025 20:00	06-01-2025 20:03	3	grilled	1
O_263	R_32	05-01-2025 00:47	05-01-2025 01:10	05-01-2025 01:17	3	fried	1
O_264	R_4	04-01-2025 13:47	04-01-2025 14:16	04-01-2025 14:22	5	simple	1
O_265	R_34	01-01-2025 23:42	02-01-2025 00:07	02-01-2025 00:10	2	baked	0
O_266	R_34	02-01-2025 22:38	02-01-2025 23:08	02-01-2025 23:12	5	grilled	0
O_267	R_47	02-01-2025 07:48	02-01-2025 08:15	02-01-2025 08:18	1	simple	0
O_268	R_16	06-01-2025 04:12	06-01-2025 04:41	06-01-2025 04:45	2	baked	0
O_269	R_33	02-01-2025 09:29	02-01-2025 09:41	02-01-2025 09:46	4	baked	0
O_270	R_21	01-01-2025 23:24	01-01-2025 23:39	01-01-2025 23:46	1	grilled	1
O_271	R_47	06-01-2025 08:03	06-01-2025 08:15	06-01-2025 08:20	2	baked	1
O_272	R_6	02-01-2025 09:07	02-01-2025 09:40	02-01-2025 09:42	2	simple	1
O_273	R_31	03-01-2025 06:39	03-01-2025 07:02	03-01-2025 07:04	2	simple	0
O_274	R_32	03-01-2025 04:53	03-01-2025 05:11	03-01-2025 05:14	5	simple	0
O_275	R_17	06-01-2025 12:48	06-01-2025 13:19	06-01-2025 13:26	3	baked	1
O_276	R_41	02-01-2025 20:11	02-01-2025 20:33	02-01-2025 20:36	5	fried	0
O_277	R_22	06-01-2025 06:21	06-01-2025 06:48	06-01-2025 06:54	2	grilled	1
O_278	R_46	07-01-2025 03:12	07-01-2025 03:27	07-01-2025 03:30	1	simple	0
O_279	R_36	06-01-2025 09:01	06-01-2025 09:22	06-01-2025 09:28	2	grilled	1
O_280	R_2	02-01-2025 20:34	02-01-2025 21:08	02-01-2025 21:15	3	baked	1
O_281	R_50	07-01-2025 12:41	07-01-2025 13:02	07-01-2025 13:08	1	simple	0
O_282	R_30	07-01-2025 10:06	07-01-2025 10:25	07-01-2025 10:31	1	simple	1
O_283	R_41	03-01-2025 12:28	03-01-2025 12:51	03-01-2025 12:54	4	baked	1
O_284	R_10	02-01-2025 09:06	02-01-2025 09:16	02-01-2025 09:20	5	simple	1
O_285	R_2	05-01-2025 05:30	05-01-2025 06:00	05-01-2025 06:04	3	grilled	1
O_286	R_50	06-01-2025 03:39	06-01-2025 04:05	06-01-2025 04:09	3	grilled	1
O_287	R_15	04-01-2025 07:10	04-01-2025 07:34	04-01-2025 07:41	5	baked	1
O_288	R_26	05-01-2025 04:08	05-01-2025 04:21	05-01-2025 04:26	3	grilled	0
O_289	R_14	06-01-2025 08:21	06-01-2025 08:43	06-01-2025 08:47	2	baked	0
O_290	R_27	01-01-2025 12:33	01-01-2025 12:44	01-01-2025 12:50	1	fried	0
O_291	R_12	03-01-2025 01:03	03-01-2025 01:29	03-01-2025 01:31	1	fried	0
O_292	R_24	07-01-2025 18:10	07-01-2025 18:27	07-01-2025 18:30	1	fried	0
O_293	R_37	06-01-2025 22:50	06-01-2025 23:02	06-01-2025 23:05	5	fried	1
O_294	R_32	07-01-2025 05:23	07-01-2025 05:51	07-01-2025 05:58	2	grilled	1
O_295	R_24	03-01-2025 00:42	03-01-2025 00:56	03-01-2025 01:01	3	grilled	0
O_296	R_34	06-01-2025 06:00	06-01-2025 06:26	06-01-2025 06:29	1	fried	0
O_297	R_7	06-01-2025 23:02	06-01-2025 23:23	06-01-2025 23:30	3	baked	1
O_298	R_6	03-01-2025 07:08	03-01-2025 07:34	03-01-2025 07:40	1	fried	1
O_299	R_36	05-01-2025 03:47	05-01-2025 04:11	05-01-2025 04:15	2	grilled	0
O_300	R_3	07-01-2025 00:04	07-01-2025 00:28	07-01-2025 00:31	1	fried	0
O_301	R_34	05-01-2025 12:33	05-01-2025 13:03	05-01-2025 13:10	2	simple	0
O_302	R_3	04-01-2025 11:50	04-01-2025 12:20	04-01-2025 12:22	3	baked	1
O_303	R_27	06-01-2025 23:27	06-01-2025 23:54	06-01-2025 23:58	5	fried	1
O_304	R_30	03-01-2025 16:54	03-01-2025 17:23	03-01-2025 17:27	2	grilled	0
O_305	R_47	03-01-2025 21:21	03-01-2025 21:37	03-01-2025 21:39	3	baked	1
O_306	R_41	06-01-2025 23:00	06-01-2025 23:11	06-01-2025 23:15	5	grilled	0
O_307	R_49	03-01-2025 11:43	03-01-2025 12:15	03-01-2025 12:20	1	grilled	1
O_308	R_11	05-01-2025 05:08	05-01-2025 05:39	05-01-2025 05:41	5	simple	1
O_309	R_23	07-01-2025 10:44	07-01-2025 11:03	07-01-2025 11:08	2	baked	0
O_310	R_22	07-01-2025 14:50	07-01-2025 15:09	07-01-2025 15:12	3	baked	0
O_311	R_46	08-01-2025 08:36	08-01-2025 08:58	08-01-2025 09:01	3	simple	0
O_312	R_38	06-01-2025 10:06	06-01-2025 10:29	06-01-2025 10:34	5	fried	1
O_313	R_16	02-01-2025 19:52	02-01-2025 20:22	02-01-2025 20:27	1	fried	1
O_314	R_32	03-01-2025 20:31	03-01-2025 20:52	03-01-2025 20:54	2	baked	1
O_315	R_48	02-01-2025 01:20	02-01-2025 01:36	02-01-2025 01:41	5	simple	0
O_316	R_35	04-01-2025 00:40	04-01-2025 00:52	04-01-2025 00:58	2	grilled	1
O_317	R_13	01-01-2025 12:25	01-01-2025 12:39	01-01-2025 12:41	1	baked	0
O_318	R_17	07-01-2025 02:13	07-01-2025 02:37	07-01-2025 02:39	1	grilled	0
O_319	R_37	06-01-2025 15:11	06-01-2025 15:24	06-01-2025 15:29	3	baked	1
O_320	R_11	02-01-2025 16:28	02-01-2025 16:42	02-01-2025 16:46	4	baked	1
O_321	R_24	01-01-2025 23:26	01-01-2025 23:59	02-01-2025 00:06	3	grilled	1
O_322	R_50	02-01-2025 17:08	02-01-2025 17:19	02-01-2025 17:21	4	simple	1
O_323	R_44	05-01-2025 08:50	05-01-2025 09:07	05-01-2025 09:12	5	fried	0
O_324	R_49	05-01-2025 04:29	05-01-2025 04:59	05-01-2025 05:03	5	simple	1
O_325	R_27	06-01-2025 11:14	06-01-2025 11:25	06-01-2025 11:27	2	grilled	0
O_326	R_36	05-01-2025 20:42	05-01-2025 21:15	05-01-2025 21:22	5	simple	0
O_327	R_38	07-01-2025 03:25	07-01-2025 03:49	07-01-2025 03:51	1	simple	0
O_328	R_23	02-01-2025 17:53	02-01-2025 18:19	02-01-2025 18:25	3	baked	1
O_329	R_11	03-01-2025 03:06	03-01-2025 03:33	03-01-2025 03:36	1	simple	1
O_330	R_49	07-01-2025 02:34	07-01-2025 02:46	07-01-2025 02:53	5	baked	1
O_331	R_3	02-01-2025 00:52	02-01-2025 01:16	02-01-2025 01:18	1	grilled	1
O_332	R_10	02-01-2025 18:13	02-01-2025 18:27	02-01-2025 18:30	3	fried	0
O_333	R_36	06-01-2025 14:50	06-01-2025 15:08	06-01-2025 15:12	1	grilled	1
O_334	R_3	08-01-2025 01:07	08-01-2025 01:26	08-01-2025 01:28	1	baked	0
O_335	R_11	08-01-2025 02:10	08-01-2025 02:21	08-01-2025 02:26	3	simple	0
O_336	R_39	05-01-2025 02:15	05-01-2025 02:42	05-01-2025 02:49	5	baked	1
O_337	R_18	08-01-2025 07:03	08-01-2025 07:25	08-01-2025 07:30	5	grilled	0
O_338	R_4	05-01-2025 01:13	05-01-2025 01:30	05-01-2025 01:36	5	simple	0
O_339	R_25	03-01-2025 07:45	03-01-2025 07:57	03-01-2025 08:00	3	simple	0
O_340	R_10	02-01-2025 07:52	02-01-2025 08:07	02-01-2025 08:11	4	simple	0
O_341	R_43	02-01-2025 14:24	02-01-2025 14:46	02-01-2025 14:50	5	fried	0
O_342	R_1	08-01-2025 07:08	08-01-2025 07:27	08-01-2025 07:32	3	baked	1
O_343	R_5	04-01-2025 17:55	04-01-2025 18:11	04-01-2025 18:17	3	simple	0
O_344	R_14	07-01-2025 16:17	07-01-2025 16:51	07-01-2025 16:55	2	fried	1
O_345	R_46	03-01-2025 07:19	03-01-2025 07:39	03-01-2025 07:45	2	baked	1
O_346	R_33	07-01-2025 12:20	07-01-2025 12:41	07-01-2025 12:44	5	baked	1
O_347	R_6	08-01-2025 06:42	08-01-2025 07:08	08-01-2025 07:10	1	grilled	1
O_348	R_25	06-01-2025 06:49	06-01-2025 07:22	06-01-2025 07:28	3	baked	1
O_349	R_43	05-01-2025 04:45	05-01-2025 05:13	05-01-2025 05:20	2	simple	0
O_350	R_2	07-01-2025 23:19	07-01-2025 23:30	07-01-2025 23:35	4	grilled	0
O_351	R_29	07-01-2025 23:17	07-01-2025 23:31	07-01-2025 23:37	4	simple	1
O_352	R_14	02-01-2025 17:27	02-01-2025 17:40	02-01-2025 17:43	4	simple	0
O_353	R_8	02-01-2025 03:20	02-01-2025 03:41	02-01-2025 03:48	1	baked	1
O_354	R_19	07-01-2025 17:17	07-01-2025 17:27	07-01-2025 17:34	2	fried	1
O_355	R_34	05-01-2025 19:53	05-01-2025 20:20	05-01-2025 20:27	5	fried	1
O_356	R_41	07-01-2025 15:14	07-01-2025 15:26	07-01-2025 15:31	5	simple	1
O_357	R_14	04-01-2025 23:26	04-01-2025 23:46	04-01-2025 23:48	3	grilled	0
O_358	R_31	08-01-2025 02:45	08-01-2025 02:56	08-01-2025 03:02	4	simple	0
O_359	R_1	06-01-2025 11:06	06-01-2025 11:28	06-01-2025 11:30	5	grilled	0
O_360	R_34	02-01-2025 04:18	02-01-2025 04:47	02-01-2025 04:50	4	simple	1
O_361	R_6	05-01-2025 08:18	05-01-2025 08:30	05-01-2025 08:32	4	simple	1
O_362	R_4	02-01-2025 02:28	02-01-2025 02:58	02-01-2025 03:04	3	simple	1
O_363	R_25	02-01-2025 14:02	02-01-2025 14:36	02-01-2025 14:42	3	fried	0
O_364	R_47	06-01-2025 13:44	06-01-2025 13:59	06-01-2025 14:02	5	baked	0
O_365	R_5	03-01-2025 12:56	03-01-2025 13:30	03-01-2025 13:35	2	fried	0
O_366	R_33	06-01-2025 00:35	06-01-2025 01:00	06-01-2025 01:04	4	grilled	1
O_367	R_12	02-01-2025 02:24	02-01-2025 02:50	02-01-2025 02:56	5	baked	1
O_368	R_37	07-01-2025 12:22	07-01-2025 12:45	07-01-2025 12:48	4	grilled	0
O_369	R_1	02-01-2025 01:59	02-01-2025 02:20	02-01-2025 02:26	4	baked	1
O_370	R_40	03-01-2025 11:06	03-01-2025 11:35	03-01-2025 11:42	1	simple	1
O_371	R_2	02-01-2025 17:15	02-01-2025 17:28	02-01-2025 17:30	1	fried	1
O_372	R_39	04-01-2025 23:09	04-01-2025 23:39	04-01-2025 23:45	2	baked	1
O_373	R_34	01-01-2025 19:43	01-01-2025 20:03	01-01-2025 20:09	1	fried	1
O_374	R_40	07-01-2025 07:05	07-01-2025 07:32	07-01-2025 07:39	3	simple	0
O_375	R_5	07-01-2025 14:40	07-01-2025 14:50	07-01-2025 14:55	1	grilled	1
O_376	R_20	01-01-2025 22:58	01-01-2025 23:29	01-01-2025 23:33	1	fried	0
O_377	R_31	06-01-2025 02:11	06-01-2025 02:45	06-01-2025 02:52	4	fried	1
O_378	R_37	03-01-2025 07:20	03-01-2025 07:39	03-01-2025 07:42	4	simple	0
O_379	R_20	01-01-2025 10:01	01-01-2025 10:11	01-01-2025 10:13	1	baked	0
O_380	R_10	02-01-2025 18:29	02-01-2025 18:39	02-01-2025 18:45	4	baked	1
O_381	R_50	02-01-2025 01:17	02-01-2025 01:33	02-01-2025 01:36	2	grilled	1
O_382	R_26	03-01-2025 12:41	03-01-2025 13:00	03-01-2025 13:05	1	simple	1
O_383	R_23	05-01-2025 15:30	05-01-2025 15:42	05-01-2025 15:46	1	baked	1
O_384	R_38	03-01-2025 14:24	03-01-2025 14:40	03-01-2025 14:42	2	fried	1
O_385	R_7	05-01-2025 03:43	05-01-2025 04:00	05-01-2025 04:03	4	grilled	1
O_386	R_27	07-01-2025 20:59	07-01-2025 21:23	07-01-2025 21:27	3	grilled	1
O_387	R_27	01-01-2025 13:27	01-01-2025 13:40	01-01-2025 13:47	2	simple	1
O_388	R_5	07-01-2025 09:21	07-01-2025 09:33	07-01-2025 09:35	4	simple	1
O_389	R_18	04-01-2025 06:29	04-01-2025 06:49	04-01-2025 06:52	4	fried	0
O_390	R_49	02-01-2025 12:00	02-01-2025 12:22	02-01-2025 12:26	2	grilled	0
O_391	R_42	03-01-2025 22:38	03-01-2025 23:01	03-01-2025 23:06	5	fried	1
O_392	R_37	03-01-2025 01:16	03-01-2025 01:48	03-01-2025 01:52	4	baked	1
O_393	R_33	06-01-2025 07:37	06-01-2025 08:05	06-01-2025 08:12	5	simple	1
O_394	R_2	07-01-2025 07:43	07-01-2025 08:01	07-01-2025 08:05	3	fried	1
O_395	R_33	07-01-2025 15:06	07-01-2025 15:18	07-01-2025 15:24	5	simple	1
O_396	R_36	05-01-2025 15:18	05-01-2025 15:42	05-01-2025 15:44	4	fried	0
O_397	R_33	06-01-2025 06:45	06-01-2025 07:15	06-01-2025 07:18	5	simple	1
O_398	R_31	07-01-2025 09:15	07-01-2025 09:29	07-01-2025 09:34	4	simple	1
O_399	R_13	03-01-2025 19:33	03-01-2025 20:02	03-01-2025 20:07	2	baked	0
O_400	R_11	04-01-2025 16:23	04-01-2025 16:41	04-01-2025 16:46	2	grilled	0
O_401	R_5	05-01-2025 07:51	05-01-2025 08:04	05-01-2025 08:07	2	baked	1
O_402	R_14	08-01-2025 08:29	08-01-2025 08:45	08-01-2025 08:48	3	simple	0
O_403	R_10	07-01-2025 23:41	08-01-2025 00:02	08-01-2025 00:06	5	fried	1
O_404	R_34	03-01-2025 11:18	03-01-2025 11:28	03-01-2025 11:32	2	fried	1
O_405	R_19	06-01-2025 04:55	06-01-2025 05:27	06-01-2025 05:30	4	grilled	1
O_406	R_49	05-01-2025 21:57	05-01-2025 22:08	05-01-2025 22:14	5	grilled	1
O_407	R_23	04-01-2025 15:28	04-01-2025 15:59	04-01-2025 16:04	5	simple	0
O_408	R_20	01-01-2025 10:13	01-01-2025 10:46	01-01-2025 10:48	4	fried	1
O_409	R_37	04-01-2025 01:34	04-01-2025 01:49	04-01-2025 01:51	3	grilled	0
O_410	R_20	07-01-2025 02:59	07-01-2025 03:10	07-01-2025 03:14	5	baked	0
O_411	R_2	05-01-2025 06:23	05-01-2025 06:44	05-01-2025 06:49	5	simple	0
O_412	R_48	03-01-2025 18:14	03-01-2025 18:34	03-01-2025 18:37	3	grilled	1
O_413	R_16	01-01-2025 14:29	01-01-2025 14:54	01-01-2025 14:57	5	fried	1
O_414	R_15	03-01-2025 19:12	03-01-2025 19:22	03-01-2025 19:28	4	simple	1
O_415	R_12	06-01-2025 08:35	06-01-2025 08:45	06-01-2025 08:47	4	fried	1
O_416	R_8	03-01-2025 15:12	03-01-2025 15:32	03-01-2025 15:38	5	fried	1
O_417	R_43	03-01-2025 21:28	03-01-2025 22:01	03-01-2025 22:06	4	grilled	0
O_418	R_50	02-01-2025 15:02	02-01-2025 15:17	02-01-2025 15:22	3	baked	0
O_419	R_22	02-01-2025 18:19	02-01-2025 18:46	02-01-2025 18:53	2	grilled	0
O_420	R_14	08-01-2025 00:28	08-01-2025 00:57	08-01-2025 01:00	5	baked	0
O_421	R_24	05-01-2025 18:22	05-01-2025 18:34	05-01-2025 18:41	5	fried	0
O_422	R_21	05-01-2025 00:18	05-01-2025 00:32	05-01-2025 00:34	1	fried	0
O_423	R_28	02-01-2025 06:29	02-01-2025 06:50	02-01-2025 06:53	4	grilled	0
O_424	R_44	03-01-2025 00:09	03-01-2025 00:42	03-01-2025 00:46	3	grilled	1
O_425	R_2	06-01-2025 14:33	06-01-2025 15:07	06-01-2025 15:11	2	simple	0
O_426	R_44	06-01-2025 16:35	06-01-2025 16:50	06-01-2025 16:55	5	grilled	1
O_427	R_24	02-01-2025 18:49	02-01-2025 19:08	02-01-2025 19:13	2	fried	0
O_428	R_35	07-01-2025 04:40	07-01-2025 05:12	07-01-2025 05:18	5	simple	0
O_429	R_3	02-01-2025 05:58	02-01-2025 06:09	02-01-2025 06:11	2	simple	0
O_430	R_8	05-01-2025 15:29	05-01-2025 15:56	05-01-2025 15:59	1	grilled	1
O_431	R_4	03-01-2025 23:59	04-01-2025 00:23	04-01-2025 00:25	4	baked	0
O_432	R_43	04-01-2025 12:00	04-01-2025 12:23	04-01-2025 12:28	1	fried	0
O_433	R_3	03-01-2025 14:04	03-01-2025 14:29	03-01-2025 14:35	1	baked	1
O_434	R_18	07-01-2025 01:25	07-01-2025 01:36	07-01-2025 01:39	1	simple	0
O_435	R_20	06-01-2025 20:48	06-01-2025 21:22	06-01-2025 21:28	1	baked	0
O_436	R_42	03-01-2025 15:50	03-01-2025 16:08	03-01-2025 16:12	4	grilled	1
O_437	R_48	03-01-2025 14:53	03-01-2025 15:16	03-01-2025 15:21	3	grilled	1
O_438	R_1	03-01-2025 21:13	03-01-2025 21:40	03-01-2025 21:46	1	fried	0
O_439	R_39	07-01-2025 16:42	07-01-2025 17:04	07-01-2025 17:08	1	fried	1
O_440	R_8	07-01-2025 02:29	07-01-2025 03:00	07-01-2025 03:02	5	baked	0
O_441	R_50	06-01-2025 10:32	06-01-2025 10:53	06-01-2025 10:56	5	simple	0
O_442	R_42	03-01-2025 09:55	03-01-2025 10:29	03-01-2025 10:31	1	simple	1
O_443	R_30	05-01-2025 14:59	05-01-2025 15:14	05-01-2025 15:17	3	simple	0
O_444	R_31	06-01-2025 08:37	06-01-2025 08:56	06-01-2025 08:59	1	grilled	0
O_445	R_44	05-01-2025 17:48	05-01-2025 18:05	05-01-2025 18:08	4	fried	0
O_446	R_24	02-01-2025 05:37	02-01-2025 06:11	02-01-2025 06:16	5	fried	1
O_447	R_33	04-01-2025 11:19	04-01-2025 11:33	04-01-2025 11:38	4	fried	0
O_448	R_37	07-01-2025 03:14	07-01-2025 03:39	07-01-2025 03:46	2	baked	1
O_449	R_30	05-01-2025 23:30	05-01-2025 23:52	05-01-2025 23:58	3	simple	0
O_450	R_39	04-01-2025 11:51	04-01-2025 12:15	04-01-2025 12:21	4	baked	0
O_451	R_19	06-01-2025 05:36	06-01-2025 05:49	06-01-2025 05:53	3	baked	0
O_452	R_24	01-01-2025 12:20	01-01-2025 12:51	01-01-2025 12:55	2	grilled	1
O_453	R_20	05-01-2025 14:12	05-01-2025 14:25	05-01-2025 14:31	4	fried	1
O_454	R_46	03-01-2025 22:10	03-01-2025 22:34	03-01-2025 22:39	3	baked	1
O_455	R_49	06-01-2025 11:51	06-01-2025 12:10	06-01-2025 12:15	2	baked	1
O_456	R_32	06-01-2025 03:07	06-01-2025 03:41	06-01-2025 03:48	3	simple	0
O_457	R_18	06-01-2025 07:32	06-01-2025 07:48	06-01-2025 07:50	2	baked	0
O_458	R_28	05-01-2025 21:21	05-01-2025 21:54	05-01-2025 21:59	4	fried	1
O_459	R_43	02-01-2025 15:58	02-01-2025 16:29	02-01-2025 16:31	4	simple	1
O_460	R_14	08-01-2025 07:00	08-01-2025 07:19	08-01-2025 07:23	5	fried	0
O_461	R_28	06-01-2025 11:25	06-01-2025 11:55	06-01-2025 12:02	4	baked	0
O_462	R_4	03-01-2025 13:37	03-01-2025 13:55	03-01-2025 13:58	2	grilled	0
O_463	R_18	08-01-2025 06:12	08-01-2025 06:31	08-01-2025 06:33	2	baked	0
O_464	R_26	02-01-2025 07:56	02-01-2025 08:09	02-01-2025 08:12	3	grilled	1
O_465	R_7	06-01-2025 10:27	06-01-2025 10:43	06-01-2025 10:46	1	fried	1
O_466	R_41	04-01-2025 21:30	04-01-2025 21:43	04-01-2025 21:46	1	baked	0
O_467	R_12	08-01-2025 04:56	08-01-2025 05:08	08-01-2025 05:13	2	fried	0
O_468	R_7	01-01-2025 20:30	01-01-2025 21:00	01-01-2025 21:02	5	simple	0
O_469	R_1	02-01-2025 02:27	02-01-2025 02:43	02-01-2025 02:47	2	baked	0
O_470	R_23	02-01-2025 04:20	02-01-2025 04:54	02-01-2025 05:01	1	baked	1
O_471	R_6	02-01-2025 08:23	02-01-2025 08:35	02-01-2025 08:41	2	simple	0
O_472	R_35	08-01-2025 04:49	08-01-2025 05:20	08-01-2025 05:26	1	fried	0
O_473	R_19	06-01-2025 00:02	06-01-2025 00:18	06-01-2025 00:23	3	fried	1
O_474	R_11	02-01-2025 06:41	02-01-2025 06:56	02-01-2025 06:59	5	fried	1
O_475	R_21	06-01-2025 20:43	06-01-2025 20:55	06-01-2025 20:57	1	fried	0
O_476	R_49	05-01-2025 00:29	05-01-2025 00:47	05-01-2025 00:52	5	baked	0
O_477	R_21	03-01-2025 23:53	04-01-2025 00:07	04-01-2025 00:12	3	simple	1
O_478	R_7	06-01-2025 13:17	06-01-2025 13:34	06-01-2025 13:37	3	baked	1
O_479	R_9	06-01-2025 22:59	06-01-2025 23:11	06-01-2025 23:18	2	baked	0
O_480	R_10	05-01-2025 02:11	05-01-2025 02:22	05-01-2025 02:29	1	simple	0
O_481	R_25	08-01-2025 03:26	08-01-2025 03:55	08-01-2025 04:02	4	grilled	1
O_482	R_31	03-01-2025 18:14	03-01-2025 18:48	03-01-2025 18:51	1	simple	0
O_483	R_4	03-01-2025 13:23	03-01-2025 13:49	03-01-2025 13:54	4	baked	0
O_484	R_14	02-01-2025 13:59	02-01-2025 14:21	02-01-2025 14:26	3	fried	1
O_485	R_47	08-01-2025 04:12	08-01-2025 04:41	08-01-2025 04:46	1	fried	0
O_486	R_14	01-01-2025 14:45	01-01-2025 15:15	01-01-2025 15:20	2	fried	1
O_487	R_22	08-01-2025 07:58	08-01-2025 08:08	08-01-2025 08:14	4	baked	1
O_488	R_25	08-01-2025 03:55	08-01-2025 04:06	08-01-2025 04:12	4	fried	0
O_489	R_28	05-01-2025 10:22	05-01-2025 10:49	05-01-2025 10:55	2	simple	0
O_490	R_39	01-01-2025 15:40	01-01-2025 15:51	01-01-2025 15:55	1	baked	0
O_491	R_21	03-01-2025 03:36	03-01-2025 03:56	03-01-2025 04:00	4	baked	1
O_492	R_45	06-01-2025 16:14	06-01-2025 16:27	06-01-2025 16:30	3	grilled	1
O_493	R_10	04-01-2025 11:57	04-01-2025 12:11	04-01-2025 12:16	2	simple	1
O_494	R_50	01-01-2025 19:20	01-01-2025 19:39	01-01-2025 19:46	2	simple	0
O_495	R_17	02-01-2025 16:26	02-01-2025 16:59	02-01-2025 17:02	3	simple	1
O_496	R_40	06-01-2025 18:13	06-01-2025 18:31	06-01-2025 18:37	3	grilled	1
O_497	R_48	06-01-2025 06:42	06-01-2025 06:53	06-01-2025 06:57	2	baked	1
O_498	R_48	05-01-2025 12:27	05-01-2025 12:54	05-01-2025 12:57	1	fried	1
O_499	R_9	07-01-2025 15:44	07-01-2025 16:15	07-01-2025 16:17	4	baked	0
O_500	R_24	05-01-2025 12:21	05-01-2025 12:31	05-01-2025 12:38	5	baked	1
O_501	R_32	03-01-2025 04:10	03-01-2025 04:28	03-01-2025 04:35	1	simple	0
O_502	R_15	03-01-2025 04:09	03-01-2025 04:26	03-01-2025 04:32	2	simple	1
O_503	R_6	01-01-2025 18:56	01-01-2025 19:20	01-01-2025 19:25	5	baked	1
O_504	R_28	06-01-2025 09:39	06-01-2025 10:01	06-01-2025 10:08	4	baked	1
O_505	R_35	03-01-2025 12:36	03-01-2025 12:51	03-01-2025 12:57	3	simple	1
O_506	R_24	05-01-2025 00:19	05-01-2025 00:51	05-01-2025 00:55	3	simple	0
O_507	R_20	05-01-2025 22:08	05-01-2025 22:19	05-01-2025 22:26	3	baked	1
O_508	R_40	05-01-2025 00:15	05-01-2025 00:39	05-01-2025 00:41	3	simple	0
O_509	R_23	05-01-2025 04:48	05-01-2025 05:11	05-01-2025 05:15	4	fried	0
O_510	R_19	02-01-2025 13:18	02-01-2025 13:35	02-01-2025 13:37	5	grilled	0
O_511	R_45	02-01-2025 09:23	02-01-2025 09:52	02-01-2025 09:58	4	grilled	1
O_512	R_9	04-01-2025 13:17	04-01-2025 13:33	04-01-2025 13:36	5	baked	1
O_513	R_33	06-01-2025 21:10	06-01-2025 21:22	06-01-2025 21:26	4	fried	1
O_514	R_22	02-01-2025 11:49	02-01-2025 12:05	02-01-2025 12:11	5	grilled	1
O_515	R_21	03-01-2025 23:56	04-01-2025 00:28	04-01-2025 00:31	3	baked	0
O_516	R_38	03-01-2025 00:13	03-01-2025 00:28	03-01-2025 00:34	2	grilled	0
O_517	R_8	06-01-2025 23:13	06-01-2025 23:46	06-01-2025 23:52	1	baked	0
O_518	R_19	05-01-2025 19:56	05-01-2025 20:23	05-01-2025 20:29	5	baked	0
O_519	R_36	03-01-2025 01:45	03-01-2025 01:59	03-01-2025 02:05	4	simple	0
O_520	R_8	04-01-2025 14:32	04-01-2025 14:52	04-01-2025 14:58	4	simple	1
O_521	R_27	06-01-2025 22:41	06-01-2025 22:54	06-01-2025 22:57	4	fried	1
O_522	R_48	01-01-2025 19:53	01-01-2025 20:10	01-01-2025 20:14	1	baked	0
O_523	R_16	08-01-2025 02:51	08-01-2025 03:06	08-01-2025 03:09	5	fried	1
O_524	R_28	03-01-2025 06:32	03-01-2025 06:50	03-01-2025 06:52	1	simple	0
O_525	R_21	05-01-2025 18:32	05-01-2025 18:43	05-01-2025 18:48	5	grilled	0
O_526	R_32	06-01-2025 09:37	06-01-2025 10:04	06-01-2025 10:07	4	baked	1
O_527	R_41	07-01-2025 15:40	07-01-2025 16:00	07-01-2025 16:03	3	simple	1
O_528	R_17	02-01-2025 23:27	02-01-2025 23:53	02-01-2025 23:55	4	baked	0
O_529	R_35	07-01-2025 16:47	07-01-2025 17:09	07-01-2025 17:13	5	simple	1
O_530	R_5	06-01-2025 08:03	06-01-2025 08:13	06-01-2025 08:19	5	grilled	1
O_531	R_36	03-01-2025 19:36	03-01-2025 19:58	03-01-2025 20:02	3	grilled	1
O_532	R_42	02-01-2025 13:48	02-01-2025 14:17	02-01-2025 14:23	2	grilled	0
O_533	R_47	01-01-2025 16:05	01-01-2025 16:18	01-01-2025 16:22	4	fried	0
O_534	R_16	05-01-2025 02:50	05-01-2025 03:06	05-01-2025 03:10	4	fried	0
O_535	R_42	07-01-2025 15:24	07-01-2025 15:55	07-01-2025 15:58	4	baked	0
O_536	R_47	02-01-2025 06:46	02-01-2025 07:03	02-01-2025 07:05	1	simple	1
O_537	R_34	07-01-2025 18:34	07-01-2025 19:00	07-01-2025 19:05	4	baked	1
O_538	R_14	08-01-2025 05:52	08-01-2025 06:10	08-01-2025 06:12	2	simple	0
O_539	R_44	04-01-2025 09:25	04-01-2025 09:52	04-01-2025 09:55	5	baked	1
O_540	R_31	07-01-2025 13:23	07-01-2025 13:40	07-01-2025 13:43	5	simple	0
O_541	R_29	05-01-2025 19:03	05-01-2025 19:28	05-01-2025 19:33	2	baked	0
O_542	R_39	01-01-2025 18:41	01-01-2025 19:05	01-01-2025 19:07	2	simple	0
O_543	R_44	05-01-2025 10:24	05-01-2025 10:41	05-01-2025 10:45	4	fried	1
O_544	R_45	06-01-2025 08:48	06-01-2025 09:15	06-01-2025 09:22	4	grilled	1
O_545	R_44	01-01-2025 21:25	01-01-2025 21:51	01-01-2025 21:57	3	grilled	1
O_546	R_7	08-01-2025 04:39	08-01-2025 05:11	08-01-2025 05:13	4	simple	0
O_547	R_3	06-01-2025 18:17	06-01-2025 18:47	06-01-2025 18:53	5	baked	1
O_548	R_12	01-01-2025 15:01	01-01-2025 15:18	01-01-2025 15:25	4	baked	1
O_549	R_6	07-01-2025 12:29	07-01-2025 13:00	07-01-2025 13:04	1	fried	1
O_550	R_9	06-01-2025 06:43	06-01-2025 07:05	06-01-2025 07:08	2	simple	0
O_551	R_38	04-01-2025 13:58	04-01-2025 14:27	04-01-2025 14:31	2	baked	0
O_552	R_40	08-01-2025 03:18	08-01-2025 03:46	08-01-2025 03:51	5	simple	1
O_553	R_8	04-01-2025 00:34	04-01-2025 00:48	04-01-2025 00:54	1	fried	1
O_554	R_29	07-01-2025 11:06	07-01-2025 11:37	07-01-2025 11:41	5	simple	1
O_555	R_19	05-01-2025 12:46	05-01-2025 13:07	05-01-2025 13:09	5	fried	0
O_556	R_28	05-01-2025 18:39	05-01-2025 18:58	05-01-2025 19:01	1	simple	1
O_557	R_18	07-01-2025 23:56	08-01-2025 00:08	08-01-2025 00:10	4	simple	1
O_558	R_13	05-01-2025 03:03	05-01-2025 03:22	05-01-2025 03:25	3	simple	0
O_559	R_4	03-01-2025 13:21	03-01-2025 13:51	03-01-2025 13:58	3	fried	0
O_560	R_39	02-01-2025 21:59	02-01-2025 22:21	02-01-2025 22:23	4	simple	1
O_561	R_45	03-01-2025 06:09	03-01-2025 06:40	03-01-2025 06:45	1	fried	1
O_562	R_42	02-01-2025 03:17	02-01-2025 03:51	02-01-2025 03:54	5	baked	0
O_563	R_30	03-01-2025 05:54	03-01-2025 06:19	03-01-2025 06:23	3	baked	0
O_564	R_24	01-01-2025 21:37	01-01-2025 21:50	01-01-2025 21:56	4	grilled	1
O_565	R_32	02-01-2025 18:09	02-01-2025 18:42	02-01-2025 18:49	3	baked	1
O_566	R_3	02-01-2025 16:28	02-01-2025 16:43	02-01-2025 16:49	5	simple	1
O_567	R_39	05-01-2025 12:11	05-01-2025 12:45	05-01-2025 12:51	4	grilled	0
O_568	R_44	03-01-2025 04:43	03-01-2025 05:06	03-01-2025 05:10	5	grilled	1
O_569	R_42	06-01-2025 04:01	06-01-2025 04:33	06-01-2025 04:38	4	fried	1
O_570	R_17	01-01-2025 12:41	01-01-2025 13:08	01-01-2025 13:12	4	grilled	1
O_571	R_33	03-01-2025 18:30	03-01-2025 18:53	03-01-2025 18:57	5	grilled	1
O_572	R_31	01-01-2025 19:01	01-01-2025 19:16	01-01-2025 19:22	4	grilled	1
O_573	R_42	07-01-2025 09:43	07-01-2025 10:05	07-01-2025 10:10	1	fried	0
O_574	R_24	02-01-2025 05:29	02-01-2025 05:58	02-01-2025 06:00	3	simple	1
O_575	R_40	08-01-2025 00:38	08-01-2025 00:58	08-01-2025 01:00	4	simple	1
O_576	R_50	02-01-2025 07:23	02-01-2025 07:52	02-01-2025 07:56	4	baked	0
O_577	R_7	03-01-2025 19:51	03-01-2025 20:05	03-01-2025 20:07	4	grilled	0
O_578	R_48	07-01-2025 04:49	07-01-2025 05:16	07-01-2025 05:20	5	grilled	0
O_579	R_44	05-01-2025 20:37	05-01-2025 21:08	05-01-2025 21:14	1	grilled	0
O_580	R_32	02-01-2025 17:40	02-01-2025 18:08	02-01-2025 18:14	3	simple	1
O_581	R_38	07-01-2025 11:38	07-01-2025 12:01	07-01-2025 12:04	3	simple	0
O_582	R_50	06-01-2025 23:19	06-01-2025 23:33	06-01-2025 23:38	1	baked	0
O_583	R_38	07-01-2025 14:15	07-01-2025 14:29	07-01-2025 14:34	2	grilled	1
O_584	R_13	06-01-2025 14:22	06-01-2025 14:49	06-01-2025 14:53	1	simple	1
O_585	R_21	03-01-2025 18:24	03-01-2025 18:37	03-01-2025 18:44	1	baked	1
O_586	R_2	01-01-2025 21:25	01-01-2025 21:46	01-01-2025 21:51	1	fried	0
O_587	R_18	02-01-2025 12:59	02-01-2025 13:32	02-01-2025 13:34	4	fried	0
O_588	R_36	02-01-2025 09:51	02-01-2025 10:12	02-01-2025 10:15	4	fried	0
O_589	R_10	01-01-2025 12:42	01-01-2025 13:14	01-01-2025 13:19	2	simple	1
O_590	R_42	02-01-2025 19:34	02-01-2025 19:53	02-01-2025 19:55	5	fried	1
O_591	R_30	05-01-2025 08:35	05-01-2025 08:53	05-01-2025 08:59	4	simple	1
O_592	R_25	03-01-2025 06:03	03-01-2025 06:30	03-01-2025 06:33	3	grilled	0
O_593	R_16	01-01-2025 21:29	01-01-2025 21:39	01-01-2025 21:43	2	simple	1
O_594	R_35	06-01-2025 22:07	06-01-2025 22:27	06-01-2025 22:32	5	grilled	1
O_595	R_5	03-01-2025 04:19	03-01-2025 04:52	03-01-2025 04:59	1	fried	0
O_596	R_26	03-01-2025 01:21	03-01-2025 01:51	03-01-2025 01:54	5	fried	0
O_597	R_7	03-01-2025 23:10	03-01-2025 23:24	03-01-2025 23:26	3	grilled	0
O_598	R_49	05-01-2025 13:36	05-01-2025 14:06	05-01-2025 14:11	1	grilled	0
O_599	R_4	07-01-2025 09:36	07-01-2025 09:46	07-01-2025 09:49	5	fried	1
O_600	R_34	07-01-2025 17:26	07-01-2025 17:45	07-01-2025 17:47	1	simple	0
O_601	R_50	08-01-2025 06:39	08-01-2025 06:50	08-01-2025 06:55	2	fried	0
O_602	R_16	05-01-2025 23:26	05-01-2025 23:57	05-01-2025 23:59	1	grilled	1
O_603	R_44	02-01-2025 11:17	02-01-2025 11:32	02-01-2025 11:35	1	baked	1
O_604	R_43	02-01-2025 11:37	02-01-2025 12:08	02-01-2025 12:10	2	baked	1
O_605	R_24	01-01-2025 11:37	01-01-2025 12:02	01-01-2025 12:06	5	fried	0
O_606	R_43	07-01-2025 08:15	07-01-2025 08:39	07-01-2025 08:46	4	simple	0
O_607	R_24	01-01-2025 20:10	01-01-2025 20:38	01-01-2025 20:40	5	simple	1
O_608	R_45	07-01-2025 22:09	07-01-2025 22:22	07-01-2025 22:29	4	grilled	1
O_609	R_36	05-01-2025 10:14	05-01-2025 10:47	05-01-2025 10:53	4	baked	1
O_610	R_47	01-01-2025 23:01	01-01-2025 23:19	01-01-2025 23:22	4	baked	1
O_611	R_31	04-01-2025 20:56	04-01-2025 21:07	04-01-2025 21:09	3	simple	1
O_612	R_42	07-01-2025 20:19	07-01-2025 20:29	07-01-2025 20:32	4	fried	0
O_613	R_22	04-01-2025 19:09	04-01-2025 19:25	04-01-2025 19:30	1	baked	0
O_614	R_46	05-01-2025 06:26	05-01-2025 06:54	05-01-2025 07:00	3	baked	0
O_615	R_18	03-01-2025 04:31	03-01-2025 04:52	03-01-2025 04:55	4	grilled	1
O_616	R_45	05-01-2025 04:16	05-01-2025 04:29	05-01-2025 04:35	5	fried	1
O_617	R_11	06-01-2025 01:50	06-01-2025 02:08	06-01-2025 02:15	2	baked	1
O_618	R_33	06-01-2025 06:11	06-01-2025 06:40	06-01-2025 06:47	4	simple	1
O_619	R_15	03-01-2025 09:02	03-01-2025 09:27	03-01-2025 09:31	5	baked	0
O_620	R_19	01-01-2025 14:42	01-01-2025 15:09	01-01-2025 15:13	1	grilled	1
O_621	R_44	03-01-2025 15:20	03-01-2025 15:52	03-01-2025 15:58	4	fried	1
O_622	R_22	03-01-2025 23:30	03-01-2025 23:44	03-01-2025 23:49	3	fried	1
O_623	R_41	06-01-2025 09:43	06-01-2025 09:53	06-01-2025 09:59	5	grilled	0
O_624	R_30	01-01-2025 21:09	01-01-2025 21:31	01-01-2025 21:34	4	fried	1
O_625	R_45	02-01-2025 04:45	02-01-2025 05:17	02-01-2025 05:21	5	fried	0
O_626	R_13	05-01-2025 18:34	05-01-2025 18:44	05-01-2025 18:49	1	fried	1
O_627	R_37	06-01-2025 20:33	06-01-2025 20:47	06-01-2025 20:51	5	grilled	1
O_628	R_16	01-01-2025 14:24	01-01-2025 14:53	01-01-2025 15:00	2	baked	1
O_629	R_7	06-01-2025 15:44	06-01-2025 16:04	06-01-2025 16:07	4	baked	1
O_630	R_43	03-01-2025 03:44	03-01-2025 04:14	03-01-2025 04:17	3	grilled	1
O_631	R_46	07-01-2025 18:57	07-01-2025 19:22	07-01-2025 19:28	4	baked	1
O_632	R_43	07-01-2025 23:13	07-01-2025 23:23	07-01-2025 23:29	3	fried	1
O_633	R_9	05-01-2025 21:30	05-01-2025 21:54	05-01-2025 21:57	2	baked	0
O_634	R_35	06-01-2025 08:16	06-01-2025 08:48	06-01-2025 08:55	1	simple	0
O_635	R_48	06-01-2025 02:43	06-01-2025 03:03	06-01-2025 03:10	3	simple	0
O_636	R_19	07-01-2025 14:35	07-01-2025 15:00	07-01-2025 15:03	2	baked	0
O_637	R_6	07-01-2025 18:07	07-01-2025 18:40	07-01-2025 18:45	1	baked	1
O_638	R_15	05-01-2025 16:24	05-01-2025 16:41	05-01-2025 16:45	4	simple	1
O_639	R_7	05-01-2025 14:40	05-01-2025 15:04	05-01-2025 15:11	5	grilled	0
O_640	R_40	08-01-2025 00:48	08-01-2025 01:18	08-01-2025 01:24	4	grilled	1
O_641	R_14	05-01-2025 15:55	05-01-2025 16:16	05-01-2025 16:18	1	baked	0
O_642	R_42	02-01-2025 15:47	02-01-2025 16:09	02-01-2025 16:12	3	grilled	0
O_643	R_28	04-01-2025 17:01	04-01-2025 17:33	04-01-2025 17:37	3	grilled	1
O_644	R_32	06-01-2025 01:41	06-01-2025 01:56	06-01-2025 02:03	4	grilled	0
O_645	R_3	07-01-2025 16:31	07-01-2025 16:43	07-01-2025 16:47	3	fried	1
O_646	R_30	07-01-2025 07:12	07-01-2025 07:29	07-01-2025 07:36	2	grilled	1
O_647	R_32	02-01-2025 15:10	02-01-2025 15:41	02-01-2025 15:43	3	fried	1
O_648	R_49	03-01-2025 11:06	03-01-2025 11:25	03-01-2025 11:29	1	fried	1
O_649	R_12	04-01-2025 22:35	04-01-2025 22:57	04-01-2025 23:04	1	fried	0
O_650	R_37	02-01-2025 11:31	02-01-2025 11:59	02-01-2025 12:04	5	fried	0
O_651	R_38	03-01-2025 07:23	03-01-2025 07:40	03-01-2025 07:42	1	baked	1
O_652	R_41	06-01-2025 03:36	06-01-2025 04:09	06-01-2025 04:14	1	grilled	1
O_653	R_45	02-01-2025 15:22	02-01-2025 15:40	02-01-2025 15:44	1	grilled	1
O_654	R_6	07-01-2025 03:39	07-01-2025 03:56	07-01-2025 03:59	1	baked	0
O_655	R_44	06-01-2025 19:49	06-01-2025 20:20	06-01-2025 20:22	5	grilled	1
O_656	R_19	03-01-2025 03:19	03-01-2025 03:40	03-01-2025 03:44	3	simple	1
O_657	R_14	08-01-2025 04:57	08-01-2025 05:27	08-01-2025 05:33	5	grilled	1
O_658	R_17	08-01-2025 00:11	08-01-2025 00:25	08-01-2025 00:29	4	fried	0
O_659	R_31	06-01-2025 09:16	06-01-2025 09:34	06-01-2025 09:40	1	simple	1
O_660	R_16	07-01-2025 20:10	07-01-2025 20:36	07-01-2025 20:39	1	fried	1
O_661	R_50	06-01-2025 14:28	06-01-2025 15:00	06-01-2025 15:05	4	simple	1
O_662	R_20	01-01-2025 18:46	01-01-2025 19:04	01-01-2025 19:08	2	baked	1
O_663	R_2	06-01-2025 02:28	06-01-2025 02:59	06-01-2025 03:05	3	grilled	1
O_664	R_30	04-01-2025 00:20	04-01-2025 00:48	04-01-2025 00:53	4	grilled	1
O_665	R_33	01-01-2025 22:51	01-01-2025 23:22	01-01-2025 23:27	5	simple	0
O_666	R_38	01-01-2025 13:13	01-01-2025 13:46	01-01-2025 13:49	3	baked	0
O_667	R_49	08-01-2025 08:24	08-01-2025 08:41	08-01-2025 08:48	1	baked	1
O_668	R_5	06-01-2025 01:56	06-01-2025 02:17	06-01-2025 02:24	2	grilled	0
O_669	R_29	06-01-2025 20:15	06-01-2025 20:43	06-01-2025 20:48	2	fried	0
O_670	R_21	08-01-2025 05:56	08-01-2025 06:22	08-01-2025 06:26	3	baked	1
O_671	R_9	06-01-2025 04:52	06-01-2025 05:21	06-01-2025 05:23	5	fried	0
O_672	R_27	04-01-2025 22:53	04-01-2025 23:19	04-01-2025 23:26	1	fried	1
O_673	R_27	02-01-2025 05:19	02-01-2025 05:39	02-01-2025 05:44	4	simple	0
O_674	R_24	04-01-2025 16:17	04-01-2025 16:33	04-01-2025 16:39	5	fried	0
O_675	R_3	01-01-2025 21:43	01-01-2025 22:02	01-01-2025 22:06	1	baked	0
O_676	R_45	05-01-2025 05:03	05-01-2025 05:17	05-01-2025 05:19	1	simple	0
O_677	R_49	02-01-2025 00:15	02-01-2025 00:45	02-01-2025 00:49	3	baked	0
O_678	R_23	01-01-2025 13:02	01-01-2025 13:20	01-01-2025 13:26	3	baked	1
O_679	R_33	04-01-2025 21:22	04-01-2025 21:44	04-01-2025 21:51	5	baked	0
O_680	R_19	07-01-2025 02:50	07-01-2025 03:11	07-01-2025 03:17	5	simple	0
O_681	R_25	05-01-2025 23:48	06-01-2025 00:13	06-01-2025 00:15	5	baked	1
O_682	R_14	05-01-2025 18:06	05-01-2025 18:20	05-01-2025 18:22	3	simple	1
O_683	R_17	04-01-2025 00:21	04-01-2025 00:43	04-01-2025 00:45	4	simple	1
O_684	R_28	04-01-2025 05:13	04-01-2025 05:26	04-01-2025 05:33	1	baked	0
O_685	R_11	07-01-2025 09:31	07-01-2025 09:58	07-01-2025 10:04	3	baked	0
O_686	R_42	02-01-2025 01:35	02-01-2025 02:04	02-01-2025 02:06	1	simple	1
O_687	R_1	06-01-2025 22:02	06-01-2025 22:26	06-01-2025 22:28	2	baked	0
O_688	R_27	04-01-2025 02:28	04-01-2025 02:46	04-01-2025 02:49	2	simple	0
O_689	R_20	07-01-2025 17:41	07-01-2025 18:08	07-01-2025 18:12	1	grilled	0
O_690	R_19	06-01-2025 18:38	06-01-2025 18:50	06-01-2025 18:55	3	simple	0
O_691	R_8	02-01-2025 13:08	02-01-2025 13:23	02-01-2025 13:27	2	grilled	0
O_692	R_24	04-01-2025 04:48	04-01-2025 05:09	04-01-2025 05:13	3	simple	0
O_693	R_36	06-01-2025 23:00	06-01-2025 23:24	06-01-2025 23:27	5	fried	0
O_694	R_15	04-01-2025 15:49	04-01-2025 16:15	04-01-2025 16:17	1	grilled	1
O_695	R_47	02-01-2025 16:19	02-01-2025 16:49	02-01-2025 16:56	3	baked	1
O_696	R_9	05-01-2025 23:23	05-01-2025 23:35	05-01-2025 23:41	1	fried	0
O_697	R_16	03-01-2025 16:19	03-01-2025 16:40	03-01-2025 16:43	3	grilled	0
O_698	R_28	03-01-2025 16:03	03-01-2025 16:27	03-01-2025 16:29	3	baked	1
O_699	R_41	02-01-2025 05:01	02-01-2025 05:14	02-01-2025 05:19	1	fried	1
O_700	R_49	03-01-2025 18:01	03-01-2025 18:34	03-01-2025 18:39	5	simple	0
O_701	R_7	03-01-2025 16:27	03-01-2025 16:41	03-01-2025 16:43	1	simple	0
O_702	R_48	05-01-2025 12:26	05-01-2025 12:45	05-01-2025 12:50	2	grilled	1
O_703	R_26	02-01-2025 10:02	02-01-2025 10:22	02-01-2025 10:26	3	baked	0
O_704	R_36	02-01-2025 16:29	02-01-2025 16:43	02-01-2025 16:46	4	baked	1
O_705	R_20	02-01-2025 03:34	02-01-2025 03:47	02-01-2025 03:49	5	simple	1
O_706	R_25	06-01-2025 06:20	06-01-2025 06:53	06-01-2025 06:57	3	baked	0
O_707	R_34	04-01-2025 15:32	04-01-2025 15:45	04-01-2025 15:48	3	grilled	1
O_708	R_15	04-01-2025 12:18	04-01-2025 12:37	04-01-2025 12:41	2	simple	1
O_709	R_24	05-01-2025 18:28	05-01-2025 18:52	05-01-2025 18:58	2	grilled	0
O_710	R_49	02-01-2025 22:09	02-01-2025 22:23	02-01-2025 22:26	4	baked	0
O_711	R_42	06-01-2025 03:09	06-01-2025 03:22	06-01-2025 03:25	4	fried	0
O_712	R_25	03-01-2025 02:16	03-01-2025 02:38	03-01-2025 02:42	4	simple	0
O_713	R_20	04-01-2025 01:27	04-01-2025 01:52	04-01-2025 01:59	4	baked	0
O_714	R_36	03-01-2025 15:56	03-01-2025 16:14	03-01-2025 16:16	5	baked	1
O_715	R_6	07-01-2025 08:36	07-01-2025 09:07	07-01-2025 09:13	3	simple	0
O_716	R_37	02-01-2025 01:46	02-01-2025 01:58	02-01-2025 02:01	2	simple	1
O_717	R_4	06-01-2025 18:50	06-01-2025 19:16	06-01-2025 19:22	4	simple	0
O_718	R_11	07-01-2025 07:31	07-01-2025 07:51	07-01-2025 07:56	3	baked	0
O_719	R_32	02-01-2025 13:07	02-01-2025 13:40	02-01-2025 13:46	3	baked	0
O_720	R_36	07-01-2025 21:26	07-01-2025 21:37	07-01-2025 21:41	4	grilled	0
O_721	R_48	06-01-2025 00:52	06-01-2025 01:18	06-01-2025 01:22	4	baked	1
O_722	R_9	02-01-2025 21:51	02-01-2025 22:22	02-01-2025 22:24	2	simple	0
O_723	R_34	07-01-2025 19:10	07-01-2025 19:40	07-01-2025 19:45	5	grilled	0
O_724	R_7	03-01-2025 06:20	03-01-2025 06:33	03-01-2025 06:40	3	grilled	0
O_725	R_27	05-01-2025 17:27	05-01-2025 17:57	05-01-2025 18:00	3	grilled	1
O_726	R_17	02-01-2025 14:28	02-01-2025 14:52	02-01-2025 14:57	5	fried	1
O_727	R_5	05-01-2025 22:58	05-01-2025 23:14	05-01-2025 23:19	5	fried	0
O_728	R_18	02-01-2025 06:07	02-01-2025 06:36	02-01-2025 06:38	2	baked	1
O_729	R_7	02-01-2025 00:42	02-01-2025 01:10	02-01-2025 01:13	4	baked	1
O_730	R_34	06-01-2025 06:03	06-01-2025 06:18	06-01-2025 06:21	4	baked	1
O_731	R_2	08-01-2025 05:22	08-01-2025 05:32	08-01-2025 05:39	3	fried	0
O_732	R_7	03-01-2025 08:48	03-01-2025 09:16	03-01-2025 09:19	1	simple	0
O_733	R_34	05-01-2025 15:08	05-01-2025 15:31	05-01-2025 15:35	2	grilled	1
O_734	R_35	02-01-2025 18:50	02-01-2025 19:14	02-01-2025 19:19	5	grilled	0
O_735	R_32	03-01-2025 13:59	03-01-2025 14:17	03-01-2025 14:22	5	simple	0
O_736	R_33	03-01-2025 01:44	03-01-2025 02:10	03-01-2025 02:12	3	fried	0
O_737	R_19	05-01-2025 04:42	05-01-2025 04:56	05-01-2025 05:02	5	simple	0
O_738	R_22	07-01-2025 02:22	07-01-2025 02:47	07-01-2025 02:50	5	simple	1
O_739	R_44	04-01-2025 17:38	04-01-2025 17:50	04-01-2025 17:57	2	simple	1
O_740	R_16	01-01-2025 14:36	01-01-2025 15:01	01-01-2025 15:06	2	baked	0
O_741	R_29	04-01-2025 00:15	04-01-2025 00:27	04-01-2025 00:34	1	grilled	1
O_742	R_1	06-01-2025 14:30	06-01-2025 14:42	06-01-2025 14:46	2	baked	1
O_743	R_40	03-01-2025 09:21	03-01-2025 09:47	03-01-2025 09:54	3	fried	0
O_744	R_24	03-01-2025 18:03	03-01-2025 18:37	03-01-2025 18:43	1	baked	0
O_745	R_21	05-01-2025 08:28	05-01-2025 08:50	05-01-2025 08:56	4	simple	1
O_746	R_6	07-01-2025 05:52	07-01-2025 06:02	07-01-2025 06:07	3	simple	1
O_747	R_50	03-01-2025 14:55	03-01-2025 15:27	03-01-2025 15:29	2	grilled	1
O_748	R_28	06-01-2025 13:47	06-01-2025 14:02	06-01-2025 14:06	3	baked	1
O_749	R_47	06-01-2025 22:18	06-01-2025 22:41	06-01-2025 22:46	5	grilled	0
O_750	R_19	05-01-2025 04:09	05-01-2025 04:31	05-01-2025 04:37	3	fried	0
O_751	R_26	07-01-2025 08:29	07-01-2025 08:54	07-01-2025 08:57	1	baked	0
O_752	R_22	06-01-2025 21:53	06-01-2025 22:18	06-01-2025 22:25	4	grilled	1
O_753	R_26	02-01-2025 10:57	02-01-2025 11:19	02-01-2025 11:24	2	fried	0
O_754	R_43	03-01-2025 11:11	03-01-2025 11:43	03-01-2025 11:50	3	fried	1
O_755	R_19	03-01-2025 08:20	03-01-2025 08:36	03-01-2025 08:42	1	grilled	0
O_756	R_46	05-01-2025 10:29	05-01-2025 10:59	05-01-2025 11:05	5	simple	0
O_757	R_15	06-01-2025 14:40	06-01-2025 15:14	06-01-2025 15:21	1	fried	0
O_758	R_1	06-01-2025 09:50	06-01-2025 10:09	06-01-2025 10:12	4	fried	1
O_759	R_1	02-01-2025 12:29	02-01-2025 12:58	02-01-2025 13:03	2	baked	1
O_760	R_42	05-01-2025 23:15	05-01-2025 23:38	05-01-2025 23:43	5	grilled	1
O_761	R_15	06-01-2025 04:06	06-01-2025 04:19	06-01-2025 04:25	3	grilled	0
O_762	R_8	06-01-2025 05:19	06-01-2025 05:46	06-01-2025 05:51	2	fried	1
O_763	R_24	06-01-2025 22:07	06-01-2025 22:18	06-01-2025 22:22	1	baked	1
O_764	R_32	06-01-2025 19:18	06-01-2025 19:52	06-01-2025 19:54	2	baked	0
O_765	R_39	02-01-2025 16:09	02-01-2025 16:40	02-01-2025 16:47	1	fried	0
O_766	R_32	07-01-2025 16:09	07-01-2025 16:26	07-01-2025 16:28	5	grilled	1
O_767	R_48	07-01-2025 17:20	07-01-2025 17:40	07-01-2025 17:42	1	baked	0
O_768	R_15	04-01-2025 08:32	04-01-2025 08:43	04-01-2025 08:48	4	fried	1
O_769	R_3	07-01-2025 16:10	07-01-2025 16:32	07-01-2025 16:36	1	simple	1
O_770	R_44	05-01-2025 15:31	05-01-2025 15:59	05-01-2025 16:05	1	grilled	1
O_771	R_46	07-01-2025 10:22	07-01-2025 10:32	07-01-2025 10:37	3	simple	0
O_772	R_41	06-01-2025 08:14	06-01-2025 08:33	06-01-2025 08:39	5	grilled	0
O_773	R_33	07-01-2025 18:00	07-01-2025 18:33	07-01-2025 18:38	3	baked	0
O_774	R_34	04-01-2025 19:28	04-01-2025 19:46	04-01-2025 19:52	4	simple	0
O_775	R_28	05-01-2025 11:22	05-01-2025 11:43	05-01-2025 11:49	2	simple	0
O_776	R_23	02-01-2025 04:44	02-01-2025 05:15	02-01-2025 05:20	1	fried	0
O_777	R_17	03-01-2025 18:14	03-01-2025 18:39	03-01-2025 18:42	3	simple	1
O_778	R_21	04-01-2025 20:48	04-01-2025 21:04	04-01-2025 21:06	5	fried	1
O_779	R_39	07-01-2025 09:08	07-01-2025 09:21	07-01-2025 09:24	1	baked	0
O_780	R_35	03-01-2025 15:57	03-01-2025 16:17	03-01-2025 16:24	1	baked	1
O_781	R_27	07-01-2025 22:28	07-01-2025 22:50	07-01-2025 22:53	1	fried	1
O_782	R_36	07-01-2025 15:27	07-01-2025 15:43	07-01-2025 15:48	2	grilled	0
O_783	R_14	05-01-2025 21:49	05-01-2025 22:10	05-01-2025 22:15	5	baked	1
O_784	R_27	02-01-2025 10:21	02-01-2025 10:31	02-01-2025 10:36	5	baked	1
O_785	R_30	01-01-2025 13:54	01-01-2025 14:06	01-01-2025 14:12	1	baked	0
O_786	R_23	04-01-2025 08:13	04-01-2025 08:44	04-01-2025 08:47	5	simple	1
O_787	R_48	06-01-2025 23:02	06-01-2025 23:32	06-01-2025 23:35	5	fried	0
O_788	R_29	03-01-2025 14:53	03-01-2025 15:26	03-01-2025 15:29	1	fried	1
O_789	R_6	04-01-2025 12:53	04-01-2025 13:12	04-01-2025 13:16	1	grilled	0
O_790	R_21	02-01-2025 21:58	02-01-2025 22:13	02-01-2025 22:15	4	simple	1
O_791	R_44	04-01-2025 20:59	04-01-2025 21:32	04-01-2025 21:38	3	grilled	0
O_792	R_18	07-01-2025 14:51	07-01-2025 15:06	07-01-2025 15:08	4	simple	0
O_793	R_23	03-01-2025 15:47	03-01-2025 16:12	03-01-2025 16:14	4	fried	1
O_794	R_40	05-01-2025 15:31	05-01-2025 16:02	05-01-2025 16:08	2	fried	0
O_795	R_10	02-01-2025 23:02	02-01-2025 23:20	02-01-2025 23:23	5	fried	1
O_796	R_49	04-01-2025 05:43	04-01-2025 06:13	04-01-2025 06:15	1	baked	0
O_797	R_42	04-01-2025 05:05	04-01-2025 05:21	04-01-2025 05:26	1	fried	1
O_798	R_3	05-01-2025 16:35	05-01-2025 17:00	05-01-2025 17:04	5	baked	1
O_799	R_2	02-01-2025 02:12	02-01-2025 02:28	02-01-2025 02:33	3	fried	0
O_800	R_7	02-01-2025 22:47	02-01-2025 23:07	02-01-2025 23:09	1	baked	1
O_801	R_7	07-01-2025 13:15	07-01-2025 13:32	07-01-2025 13:36	5	simple	0
O_802	R_38	02-01-2025 22:44	02-01-2025 22:55	02-01-2025 22:58	4	baked	0
O_803	R_40	02-01-2025 04:22	02-01-2025 04:54	02-01-2025 04:59	2	grilled	1
O_804	R_27	05-01-2025 01:03	05-01-2025 01:21	05-01-2025 01:27	4	simple	1
O_805	R_10	06-01-2025 01:23	06-01-2025 01:54	06-01-2025 01:56	1	simple	0
O_806	R_22	06-01-2025 17:39	06-01-2025 17:55	06-01-2025 17:58	1	baked	1
O_807	R_32	06-01-2025 14:28	06-01-2025 14:56	06-01-2025 15:00	5	simple	0
O_808	R_39	05-01-2025 23:59	06-01-2025 00:16	06-01-2025 00:21	4	fried	0
O_809	R_49	07-01-2025 10:42	07-01-2025 10:52	07-01-2025 10:54	4	fried	1
O_810	R_11	01-01-2025 13:35	01-01-2025 14:06	01-01-2025 14:11	1	fried	0
O_811	R_28	07-01-2025 05:10	07-01-2025 05:28	07-01-2025 05:35	2	baked	1
O_812	R_25	08-01-2025 08:08	08-01-2025 08:35	08-01-2025 08:41	4	simple	1
O_813	R_7	03-01-2025 00:15	03-01-2025 00:46	03-01-2025 00:48	2	fried	1
O_814	R_12	02-01-2025 18:26	02-01-2025 18:37	02-01-2025 18:43	2	fried	0
O_815	R_5	06-01-2025 15:57	06-01-2025 16:12	06-01-2025 16:19	2	grilled	1
O_816	R_3	02-01-2025 18:12	02-01-2025 18:24	02-01-2025 18:31	5	fried	1
O_817	R_18	01-01-2025 18:12	01-01-2025 18:32	01-01-2025 18:37	1	simple	0
O_818	R_45	05-01-2025 21:54	05-01-2025 22:16	05-01-2025 22:19	3	simple	0
O_819	R_50	08-01-2025 05:17	08-01-2025 05:35	08-01-2025 05:40	3	simple	1
O_820	R_26	03-01-2025 07:43	03-01-2025 08:17	03-01-2025 08:22	3	simple	0
O_821	R_14	06-01-2025 09:46	06-01-2025 10:18	06-01-2025 10:25	2	fried	1
O_822	R_37	07-01-2025 23:55	08-01-2025 00:16	08-01-2025 00:20	5	baked	0
O_823	R_38	02-01-2025 07:36	02-01-2025 07:56	02-01-2025 08:00	5	baked	1
O_824	R_5	05-01-2025 23:53	06-01-2025 00:04	06-01-2025 00:10	2	fried	1
O_825	R_27	03-01-2025 19:03	03-01-2025 19:16	03-01-2025 19:23	1	baked	0
O_826	R_20	04-01-2025 23:58	05-01-2025 00:24	05-01-2025 00:28	4	baked	1
O_827	R_18	05-01-2025 13:33	05-01-2025 14:04	05-01-2025 14:09	1	fried	0
O_828	R_32	05-01-2025 17:37	05-01-2025 17:50	05-01-2025 17:56	4	grilled	1
O_829	R_19	04-01-2025 04:49	04-01-2025 05:09	04-01-2025 05:15	2	fried	1
O_830	R_20	04-01-2025 20:47	04-01-2025 20:58	04-01-2025 21:02	5	baked	0
O_831	R_40	04-01-2025 12:04	04-01-2025 12:16	04-01-2025 12:21	5	grilled	0
O_832	R_22	03-01-2025 08:27	03-01-2025 08:45	03-01-2025 08:52	3	simple	1
O_833	R_23	02-01-2025 22:16	02-01-2025 22:50	02-01-2025 22:56	1	fried	0
O_834	R_47	07-01-2025 18:51	07-01-2025 19:20	07-01-2025 19:26	3	grilled	0
O_835	R_40	03-01-2025 23:36	03-01-2025 23:52	03-01-2025 23:56	2	fried	1
O_836	R_50	04-01-2025 10:49	04-01-2025 11:11	04-01-2025 11:16	5	baked	1
O_837	R_19	01-01-2025 21:32	01-01-2025 21:59	01-01-2025 22:04	1	simple	1
O_838	R_24	07-01-2025 05:05	07-01-2025 05:27	07-01-2025 05:32	4	grilled	0
O_839	R_30	04-01-2025 01:06	04-01-2025 01:24	04-01-2025 01:26	5	grilled	1
O_840	R_4	07-01-2025 22:48	07-01-2025 23:14	07-01-2025 23:21	2	fried	1
O_841	R_42	02-01-2025 15:32	02-01-2025 15:50	02-01-2025 15:56	4	fried	0
O_842	R_14	06-01-2025 13:43	06-01-2025 14:03	06-01-2025 14:07	5	fried	0
O_843	R_10	02-01-2025 04:52	02-01-2025 05:08	02-01-2025 05:11	5	grilled	0
O_844	R_15	04-01-2025 13:57	04-01-2025 14:10	04-01-2025 14:13	4	simple	0
O_845	R_16	03-01-2025 15:00	03-01-2025 15:17	03-01-2025 15:19	3	simple	1
O_846	R_50	01-01-2025 20:14	01-01-2025 20:37	01-01-2025 20:42	1	grilled	0
O_847	R_7	01-01-2025 14:30	01-01-2025 14:42	01-01-2025 14:48	1	grilled	0
O_848	R_26	08-01-2025 01:42	08-01-2025 02:15	08-01-2025 02:19	5	grilled	1
O_849	R_24	03-01-2025 22:07	03-01-2025 22:40	03-01-2025 22:43	4	grilled	0
O_850	R_32	01-01-2025 14:49	01-01-2025 15:23	01-01-2025 15:25	5	fried	1
O_851	R_31	06-01-2025 02:51	06-01-2025 03:23	06-01-2025 03:29	5	fried	0
O_852	R_50	07-01-2025 06:45	07-01-2025 07:15	07-01-2025 07:22	1	grilled	0
O_853	R_41	04-01-2025 01:52	04-01-2025 02:23	04-01-2025 02:30	5	simple	0
O_854	R_34	08-01-2025 06:25	08-01-2025 06:42	08-01-2025 06:49	5	baked	0
O_855	R_10	04-01-2025 09:47	04-01-2025 09:59	04-01-2025 10:03	4	grilled	1
O_856	R_38	03-01-2025 13:49	03-01-2025 14:17	03-01-2025 14:22	1	grilled	0
O_857	R_30	05-01-2025 14:28	05-01-2025 15:00	05-01-2025 15:03	2	baked	1
O_858	R_20	03-01-2025 07:49	03-01-2025 08:03	03-01-2025 08:05	3	fried	0
O_859	R_13	01-01-2025 13:25	01-01-2025 13:59	01-01-2025 14:06	3	fried	0
O_860	R_36	04-01-2025 01:31	04-01-2025 01:47	04-01-2025 01:54	5	simple	1
O_861	R_48	03-01-2025 07:08	03-01-2025 07:25	03-01-2025 07:27	3	simple	0
O_862	R_27	03-01-2025 16:33	03-01-2025 16:44	03-01-2025 16:51	1	baked	0
O_863	R_28	04-01-2025 00:02	04-01-2025 00:21	04-01-2025 00:28	1	baked	0
O_864	R_38	05-01-2025 08:39	05-01-2025 09:08	05-01-2025 09:10	3	grilled	0
O_865	R_21	03-01-2025 08:40	03-01-2025 08:50	03-01-2025 08:52	3	baked	1
O_866	R_1	02-01-2025 04:24	02-01-2025 04:42	02-01-2025 04:45	3	simple	1
O_867	R_5	03-01-2025 13:12	03-01-2025 13:36	03-01-2025 13:39	5	fried	1
O_868	R_16	03-01-2025 23:04	03-01-2025 23:15	03-01-2025 23:19	1	grilled	0
O_869	R_20	02-01-2025 21:20	02-01-2025 21:42	02-01-2025 21:49	4	simple	1
O_870	R_4	03-01-2025 00:12	03-01-2025 00:24	03-01-2025 00:26	1	baked	1
O_871	R_20	02-01-2025 17:43	02-01-2025 18:07	02-01-2025 18:13	1	simple	0
O_872	R_44	06-01-2025 08:26	06-01-2025 08:50	06-01-2025 08:55	4	fried	1
O_873	R_39	07-01-2025 08:40	07-01-2025 09:08	07-01-2025 09:12	4	fried	0
O_874	R_36	03-01-2025 04:15	03-01-2025 04:38	03-01-2025 04:41	1	simple	1
O_875	R_6	04-01-2025 17:29	04-01-2025 18:01	04-01-2025 18:06	3	simple	0
O_876	R_35	04-01-2025 03:22	04-01-2025 03:37	04-01-2025 03:39	1	fried	0
O_877	R_48	05-01-2025 02:07	05-01-2025 02:35	05-01-2025 02:41	1	fried	0
O_878	R_20	05-01-2025 21:06	05-01-2025 21:31	05-01-2025 21:38	5	simple	1
O_879	R_48	02-01-2025 16:55	02-01-2025 17:07	02-01-2025 17:11	4	simple	1
O_880	R_38	04-01-2025 21:06	04-01-2025 21:26	04-01-2025 21:29	1	baked	1
O_881	R_15	06-01-2025 11:02	06-01-2025 11:15	06-01-2025 11:20	2	fried	1
O_882	R_11	03-01-2025 13:33	03-01-2025 14:01	03-01-2025 14:03	5	grilled	1
O_883	R_11	03-01-2025 16:37	03-01-2025 17:10	03-01-2025 17:14	2	simple	1
O_884	R_47	04-01-2025 16:10	04-01-2025 16:38	04-01-2025 16:41	4	grilled	1
O_885	R_41	06-01-2025 11:31	06-01-2025 11:41	06-01-2025 11:43	4	fried	1
O_886	R_27	01-01-2025 12:19	01-01-2025 12:45	01-01-2025 12:52	1	fried	0
O_887	R_12	05-01-2025 14:43	05-01-2025 15:06	05-01-2025 15:12	3	grilled	0
O_888	R_10	01-01-2025 10:49	01-01-2025 11:14	01-01-2025 11:16	3	simple	1
O_889	R_12	05-01-2025 19:40	05-01-2025 19:51	05-01-2025 19:58	4	simple	0
O_890	R_49	04-01-2025 00:45	04-01-2025 01:01	04-01-2025 01:08	3	baked	1
O_891	R_4	05-01-2025 13:01	05-01-2025 13:34	05-01-2025 13:39	5	baked	1
O_892	R_42	05-01-2025 22:01	05-01-2025 22:20	05-01-2025 22:22	1	fried	1
O_893	R_8	05-01-2025 20:01	05-01-2025 20:20	05-01-2025 20:22	2	fried	1
O_894	R_12	06-01-2025 18:57	06-01-2025 19:11	06-01-2025 19:16	1	fried	0
O_895	R_18	04-01-2025 01:22	04-01-2025 01:48	04-01-2025 01:53	3	baked	0
O_896	R_40	05-01-2025 18:01	05-01-2025 18:35	05-01-2025 18:39	2	grilled	1
O_897	R_42	05-01-2025 19:09	05-01-2025 19:40	05-01-2025 19:43	3	grilled	0
O_898	R_25	02-01-2025 11:18	02-01-2025 11:33	02-01-2025 11:38	3	fried	0
O_899	R_26	02-01-2025 22:35	02-01-2025 22:56	02-01-2025 23:00	4	simple	0
O_900	R_7	03-01-2025 09:29	03-01-2025 10:00	03-01-2025 10:04	3	fried	1
O_901	R_48	06-01-2025 15:19	06-01-2025 15:44	06-01-2025 15:51	1	grilled	0
O_902	R_25	04-01-2025 07:55	04-01-2025 08:06	04-01-2025 08:12	4	grilled	0
O_903	R_16	03-01-2025 06:02	03-01-2025 06:36	03-01-2025 06:39	5	fried	0
O_904	R_27	04-01-2025 17:17	04-01-2025 17:45	04-01-2025 17:51	3	grilled	1
O_905	R_45	02-01-2025 16:13	02-01-2025 16:26	02-01-2025 16:29	1	baked	0
O_906	R_32	07-01-2025 07:15	07-01-2025 07:25	07-01-2025 07:27	5	baked	1
O_907	R_17	01-01-2025 23:36	01-01-2025 23:54	01-01-2025 23:59	3	baked	0
O_908	R_50	06-01-2025 20:17	06-01-2025 20:30	06-01-2025 20:32	5	fried	1
O_909	R_13	06-01-2025 07:51	06-01-2025 08:06	06-01-2025 08:13	1	grilled	1
O_910	R_36	01-01-2025 16:09	01-01-2025 16:40	01-01-2025 16:43	3	baked	1
O_911	R_32	06-01-2025 17:54	06-01-2025 18:24	06-01-2025 18:26	4	simple	0
O_912	R_39	03-01-2025 23:16	03-01-2025 23:34	03-01-2025 23:38	2	grilled	0
O_913	R_7	02-01-2025 00:19	02-01-2025 00:45	02-01-2025 00:49	1	grilled	0
O_914	R_30	04-01-2025 04:57	04-01-2025 05:26	04-01-2025 05:32	1	grilled	0
O_915	R_14	07-01-2025 05:02	07-01-2025 05:26	07-01-2025 05:31	1	simple	0
O_916	R_25	05-01-2025 05:25	05-01-2025 05:39	05-01-2025 05:43	2	simple	1
O_917	R_31	07-01-2025 03:32	07-01-2025 03:59	07-01-2025 04:03	2	baked	0
O_918	R_28	04-01-2025 11:46	04-01-2025 12:11	04-01-2025 12:14	2	simple	1
O_919	R_41	08-01-2025 04:45	08-01-2025 05:13	08-01-2025 05:18	3	fried	0
O_920	R_33	02-01-2025 19:13	02-01-2025 19:28	02-01-2025 19:30	3	baked	1
O_921	R_21	01-01-2025 21:30	01-01-2025 21:53	01-01-2025 21:56	1	grilled	0
O_922	R_12	06-01-2025 19:46	06-01-2025 20:20	06-01-2025 20:22	4	baked	1
O_923	R_1	03-01-2025 10:32	03-01-2025 11:03	03-01-2025 11:09	1	simple	1
O_924	R_30	03-01-2025 16:18	03-01-2025 16:48	03-01-2025 16:51	5	fried	1
O_925	R_36	04-01-2025 12:18	04-01-2025 12:33	04-01-2025 12:36	4	fried	1
O_926	R_32	05-01-2025 09:38	05-01-2025 09:52	05-01-2025 09:57	2	simple	1
O_927	R_49	01-01-2025 11:02	01-01-2025 11:33	01-01-2025 11:37	2	fried	0
O_928	R_21	06-01-2025 05:15	06-01-2025 05:46	06-01-2025 05:52	3	grilled	1
O_929	R_7	06-01-2025 23:23	06-01-2025 23:47	06-01-2025 23:49	3	simple	1
O_930	R_9	07-01-2025 04:32	07-01-2025 04:42	07-01-2025 04:49	5	simple	1
O_931	R_20	07-01-2025 17:56	07-01-2025 18:10	07-01-2025 18:12	2	simple	1
O_932	R_8	02-01-2025 20:28	02-01-2025 20:55	02-01-2025 20:59	5	grilled	0
O_933	R_27	01-01-2025 23:22	01-01-2025 23:35	01-01-2025 23:41	1	baked	1
O_934	R_12	02-01-2025 22:27	02-01-2025 23:00	02-01-2025 23:03	1	fried	0
O_935	R_50	01-01-2025 11:00	01-01-2025 11:29	01-01-2025 11:31	5	grilled	0
O_936	R_36	03-01-2025 05:11	03-01-2025 05:43	03-01-2025 05:49	4	grilled	1
O_937	R_23	05-01-2025 16:01	05-01-2025 16:27	05-01-2025 16:30	2	grilled	0
O_938	R_16	06-01-2025 07:04	06-01-2025 07:34	06-01-2025 07:40	1	grilled	1
O_939	R_17	03-01-2025 05:14	03-01-2025 05:30	03-01-2025 05:37	1	simple	1
O_940	R_23	01-01-2025 11:26	01-01-2025 11:52	01-01-2025 11:57	3	simple	1
O_941	R_46	06-01-2025 06:08	06-01-2025 06:39	06-01-2025 06:41	5	simple	0
O_942	R_30	02-01-2025 14:20	02-01-2025 14:52	02-01-2025 14:58	4	simple	0
O_943	R_14	02-01-2025 13:27	02-01-2025 13:59	02-01-2025 14:05	1	grilled	0
O_944	R_31	03-01-2025 23:27	03-01-2025 23:57	04-01-2025 00:00	5	fried	1
O_945	R_33	04-01-2025 17:17	04-01-2025 17:48	04-01-2025 17:50	1	grilled	1
O_946	R_18	06-01-2025 08:01	06-01-2025 08:29	06-01-2025 08:36	2	grilled	1
O_947	R_27	07-01-2025 04:26	07-01-2025 04:39	07-01-2025 04:42	1	fried	1
O_948	R_1	06-01-2025 09:38	06-01-2025 10:01	06-01-2025 10:08	3	fried	1
O_949	R_8	03-01-2025 19:33	03-01-2025 20:06	03-01-2025 20:10	5	fried	0
O_950	R_38	03-01-2025 18:00	03-01-2025 18:10	03-01-2025 18:14	3	fried	1
O_951	R_32	05-01-2025 19:18	05-01-2025 19:37	05-01-2025 19:39	5	simple	1
O_952	R_31	05-01-2025 07:38	05-01-2025 08:00	05-01-2025 08:07	1	baked	1
O_953	R_24	04-01-2025 07:48	04-01-2025 08:13	04-01-2025 08:19	1	grilled	0
O_954	R_13	04-01-2025 20:07	04-01-2025 20:23	04-01-2025 20:26	1	fried	0
O_955	R_37	05-01-2025 03:48	05-01-2025 04:02	05-01-2025 04:05	1	fried	0
O_956	R_49	04-01-2025 23:26	04-01-2025 23:52	04-01-2025 23:58	1	baked	0
O_957	R_18	03-01-2025 22:45	03-01-2025 23:11	03-01-2025 23:15	1	simple	0
O_958	R_19	02-01-2025 15:48	02-01-2025 16:00	02-01-2025 16:06	5	baked	0
O_959	R_47	07-01-2025 21:59	07-01-2025 22:33	07-01-2025 22:40	4	simple	0
O_960	R_37	03-01-2025 06:39	03-01-2025 07:12	03-01-2025 07:14	5	simple	0
O_961	R_21	08-01-2025 05:33	08-01-2025 05:58	08-01-2025 06:00	3	simple	1
O_962	R_18	06-01-2025 02:53	06-01-2025 03:11	06-01-2025 03:18	5	simple	0
O_963	R_42	01-01-2025 20:58	01-01-2025 21:09	01-01-2025 21:11	5	grilled	0
O_964	R_11	04-01-2025 21:14	04-01-2025 21:34	04-01-2025 21:40	1	simple	1
O_965	R_37	06-01-2025 03:21	06-01-2025 03:49	06-01-2025 03:52	4	baked	0
O_966	R_31	05-01-2025 19:28	05-01-2025 19:45	05-01-2025 19:50	4	grilled	1
O_967	R_28	04-01-2025 17:40	04-01-2025 18:07	04-01-2025 18:10	5	simple	0
O_968	R_50	07-01-2025 02:21	07-01-2025 02:45	07-01-2025 02:50	5	grilled	0
O_969	R_46	08-01-2025 08:01	08-01-2025 08:13	08-01-2025 08:17	3	grilled	1
O_970	R_37	07-01-2025 05:57	07-01-2025 06:14	07-01-2025 06:18	4	grilled	0
O_971	R_48	06-01-2025 18:59	06-01-2025 19:28	06-01-2025 19:32	2	baked	0
O_972	R_27	05-01-2025 17:59	05-01-2025 18:19	05-01-2025 18:22	1	simple	0
O_973	R_10	01-01-2025 21:10	01-01-2025 21:21	01-01-2025 21:27	1	fried	1
O_974	R_31	05-01-2025 01:35	05-01-2025 01:53	05-01-2025 01:56	2	simple	0
O_975	R_4	03-01-2025 19:19	03-01-2025 19:41	03-01-2025 19:48	2	fried	1
O_976	R_16	04-01-2025 01:12	04-01-2025 01:24	04-01-2025 01:30	3	fried	1
O_977	R_47	07-01-2025 03:15	07-01-2025 03:31	07-01-2025 03:36	1	fried	0
O_978	R_35	07-01-2025 06:11	07-01-2025 06:26	07-01-2025 06:32	2	baked	0
O_979	R_25	02-01-2025 02:30	02-01-2025 02:42	02-01-2025 02:48	2	fried	1
O_980	R_29	01-01-2025 18:09	01-01-2025 18:23	01-01-2025 18:29	2	baked	1
O_981	R_27	08-01-2025 06:57	08-01-2025 07:19	08-01-2025 07:23	3	grilled	0
O_982	R_9	06-01-2025 13:24	06-01-2025 13:35	06-01-2025 13:42	4	fried	1
O_983	R_44	03-01-2025 16:38	03-01-2025 17:03	03-01-2025 17:05	2	fried	1
O_984	R_37	05-01-2025 22:59	05-01-2025 23:27	05-01-2025 23:30	2	grilled	1
O_985	R_31	01-01-2025 16:23	01-01-2025 16:38	01-01-2025 16:40	3	baked	1
O_986	R_45	05-01-2025 17:24	05-01-2025 17:34	05-01-2025 17:41	5	fried	1
O_987	R_7	04-01-2025 08:51	04-01-2025 09:21	04-01-2025 09:24	5	fried	0
O_988	R_45	03-01-2025 10:35	03-01-2025 10:51	03-01-2025 10:58	2	fried	0
O_989	R_33	07-01-2025 18:46	07-01-2025 19:10	07-01-2025 19:15	4	grilled	1
O_990	R_40	04-01-2025 03:40	04-01-2025 04:09	04-01-2025 04:14	1	fried	1
O_991	R_6	07-01-2025 15:20	07-01-2025 15:34	07-01-2025 15:41	5	grilled	0
O_992	R_9	07-01-2025 12:39	07-01-2025 12:51	07-01-2025 12:57	4	simple	1
O_993	R_42	02-01-2025 16:37	02-01-2025 17:04	02-01-2025 17:11	1	simple	1
O_994	R_5	01-01-2025 16:05	01-01-2025 16:38	01-01-2025 16:44	5	baked	1
O_995	R_18	05-01-2025 14:33	05-01-2025 14:44	05-01-2025 14:48	1	baked	1
O_996	R_23	04-01-2025 21:08	04-01-2025 21:23	04-01-2025 21:27	4	fried	1
O_997	R_9	07-01-2025 07:30	07-01-2025 07:49	07-01-2025 07:53	5	baked	0
O_998	R_7	05-01-2025 20:36	05-01-2025 20:58	05-01-2025 21:00	3	fried	1
O_999	R_30	03-01-2025 11:24	03-01-2025 11:52	03-01-2025 11:59	3	fried	1
O_1000	R_9	06-01-2025 00:44	06-01-2025 00:56	06-01-2025 01:03	2	baked	0
O_1001	R_13	02-01-2025 02:31	02-01-2025 02:44	02-01-2025 02:48	2	fried	0
O_1002	R_8	07-01-2025 11:06	07-01-2025 11:31	07-01-2025 11:37	5	baked	0
O_1003	R_2	01-01-2025 11:07	01-01-2025 11:35	01-01-2025 11:39	2	grilled	1
O_1004	R_38	01-01-2025 19:32	01-01-2025 19:52	01-01-2025 19:54	4	baked	1
O_1005	R_8	02-01-2025 23:38	03-01-2025 00:10	03-01-2025 00:14	2	baked	0
O_1006	R_13	03-01-2025 05:07	03-01-2025 05:21	03-01-2025 05:25	5	grilled	0
O_1007	R_7	05-01-2025 10:20	05-01-2025 10:41	05-01-2025 10:44	4	grilled	1
O_1008	R_19	05-01-2025 01:12	05-01-2025 01:31	05-01-2025 01:36	1	grilled	1
O_1009	R_50	04-01-2025 11:03	04-01-2025 11:23	04-01-2025 11:29	2	fried	0
O_1010	R_14	06-01-2025 03:57	06-01-2025 04:24	06-01-2025 04:28	5	grilled	1
O_1011	R_25	03-01-2025 23:56	04-01-2025 00:28	04-01-2025 00:30	3	baked	0
O_1012	R_12	03-01-2025 10:24	03-01-2025 10:42	03-01-2025 10:49	2	grilled	1
O_1013	R_30	06-01-2025 06:22	06-01-2025 06:35	06-01-2025 06:37	4	grilled	1
O_1014	R_4	08-01-2025 07:41	08-01-2025 08:08	08-01-2025 08:10	5	fried	1
O_1015	R_3	04-01-2025 17:09	04-01-2025 17:36	04-01-2025 17:41	2	grilled	1
O_1016	R_33	07-01-2025 08:46	07-01-2025 09:06	07-01-2025 09:11	4	baked	1
O_1017	R_28	03-01-2025 06:50	03-01-2025 07:23	03-01-2025 07:26	5	baked	0
O_1018	R_38	02-01-2025 16:57	02-01-2025 17:11	02-01-2025 17:13	2	simple	1
O_1019	R_23	06-01-2025 16:45	06-01-2025 17:05	06-01-2025 17:10	3	fried	1
O_1020	R_36	06-01-2025 09:35	06-01-2025 09:52	06-01-2025 09:55	1	grilled	1
O_1021	R_38	03-01-2025 01:47	03-01-2025 02:16	03-01-2025 02:23	3	baked	0
O_1022	R_35	02-01-2025 02:15	02-01-2025 02:37	02-01-2025 02:41	3	grilled	0
O_1023	R_34	06-01-2025 13:02	06-01-2025 13:35	06-01-2025 13:37	3	fried	0
O_1024	R_43	02-01-2025 23:39	02-01-2025 23:53	02-01-2025 23:56	1	grilled	0
O_1025	R_5	03-01-2025 16:54	03-01-2025 17:26	03-01-2025 17:28	5	fried	1
O_1026	R_37	05-01-2025 20:59	05-01-2025 21:15	05-01-2025 21:21	4	fried	0
O_1027	R_8	04-01-2025 02:16	04-01-2025 02:35	04-01-2025 02:42	5	fried	0
O_1028	R_45	04-01-2025 14:29	04-01-2025 14:49	04-01-2025 14:52	2	simple	0
O_1029	R_15	03-01-2025 02:11	03-01-2025 02:22	03-01-2025 02:26	4	fried	1
O_1030	R_42	03-01-2025 08:15	03-01-2025 08:34	03-01-2025 08:39	5	simple	1
O_1031	R_27	04-01-2025 04:10	04-01-2025 04:24	04-01-2025 04:31	1	grilled	1
O_1032	R_11	07-01-2025 12:15	07-01-2025 12:32	07-01-2025 12:37	3	fried	1
O_1033	R_4	01-01-2025 13:11	01-01-2025 13:28	01-01-2025 13:34	4	grilled	1
O_1034	R_43	04-01-2025 06:54	04-01-2025 07:20	04-01-2025 07:25	5	grilled	0
O_1035	R_30	04-01-2025 06:51	04-01-2025 07:05	04-01-2025 07:08	4	grilled	0
O_1036	R_45	05-01-2025 04:57	05-01-2025 05:12	05-01-2025 05:19	2	baked	0
O_1037	R_6	06-01-2025 15:42	06-01-2025 16:02	06-01-2025 16:07	5	simple	1
O_1038	R_21	02-01-2025 07:29	02-01-2025 07:46	02-01-2025 07:53	3	baked	1
O_1039	R_42	03-01-2025 15:03	03-01-2025 15:35	03-01-2025 15:37	1	baked	0
O_1040	R_26	03-01-2025 08:22	03-01-2025 08:41	03-01-2025 08:43	2	baked	0
O_1041	R_19	05-01-2025 19:27	05-01-2025 19:38	05-01-2025 19:40	5	baked	0
O_1042	R_33	01-01-2025 21:27	01-01-2025 21:54	01-01-2025 21:58	4	baked	1
O_1043	R_30	07-01-2025 00:40	07-01-2025 01:04	07-01-2025 01:07	5	baked	0
O_1044	R_9	03-01-2025 13:43	03-01-2025 14:01	03-01-2025 14:06	2	grilled	0
O_1045	R_36	06-01-2025 08:44	06-01-2025 09:11	06-01-2025 09:17	1	baked	0
O_1046	R_30	04-01-2025 03:15	04-01-2025 03:36	04-01-2025 03:43	3	baked	1
O_1047	R_21	01-01-2025 13:46	01-01-2025 14:11	01-01-2025 14:14	4	fried	0
O_1048	R_47	03-01-2025 04:15	03-01-2025 04:37	03-01-2025 04:43	1	simple	0
O_1049	R_39	02-01-2025 06:52	02-01-2025 07:07	02-01-2025 07:11	5	grilled	0
O_1050	R_1	02-01-2025 17:21	02-01-2025 17:44	02-01-2025 17:51	4	grilled	1
O_1051	R_11	02-01-2025 12:14	02-01-2025 12:31	02-01-2025 12:33	5	baked	1
O_1052	R_43	03-01-2025 16:18	03-01-2025 16:33	03-01-2025 16:40	4	simple	0
O_1053	R_16	08-01-2025 07:49	08-01-2025 08:01	08-01-2025 08:06	3	grilled	0
O_1054	R_6	06-01-2025 05:01	06-01-2025 05:12	06-01-2025 05:19	5	baked	1
O_1055	R_9	06-01-2025 04:15	06-01-2025 04:47	06-01-2025 04:54	1	grilled	1
O_1056	R_20	07-01-2025 23:01	07-01-2025 23:13	07-01-2025 23:16	3	fried	1
O_1057	R_12	01-01-2025 21:38	01-01-2025 21:59	01-01-2025 22:01	3	baked	0
O_1058	R_31	01-01-2025 15:48	01-01-2025 16:02	01-01-2025 16:09	4	simple	0
O_1059	R_8	04-01-2025 18:20	04-01-2025 18:49	04-01-2025 18:56	4	baked	0
O_1060	R_12	03-01-2025 11:45	03-01-2025 12:12	03-01-2025 12:14	4	baked	1
O_1061	R_37	01-01-2025 15:36	01-01-2025 16:07	01-01-2025 16:12	1	baked	0
O_1062	R_7	02-01-2025 01:10	02-01-2025 01:32	02-01-2025 01:34	2	fried	1
O_1063	R_40	05-01-2025 16:09	05-01-2025 16:31	05-01-2025 16:38	3	fried	1
O_1064	R_47	02-01-2025 04:54	02-01-2025 05:16	02-01-2025 05:22	1	simple	1
O_1065	R_39	05-01-2025 07:12	05-01-2025 07:37	05-01-2025 07:40	2	baked	0
O_1066	R_9	07-01-2025 17:44	07-01-2025 18:00	07-01-2025 18:06	2	fried	0
O_1067	R_43	02-01-2025 04:37	02-01-2025 05:04	02-01-2025 05:10	3	grilled	0
O_1068	R_29	02-01-2025 13:27	02-01-2025 13:59	02-01-2025 14:01	3	baked	1
O_1069	R_38	01-01-2025 12:22	01-01-2025 12:40	01-01-2025 12:45	2	fried	1
O_1070	R_42	06-01-2025 00:22	06-01-2025 00:52	06-01-2025 00:57	1	fried	0
O_1071	R_16	03-01-2025 06:56	03-01-2025 07:27	03-01-2025 07:29	4	fried	0
O_1072	R_16	04-01-2025 01:11	04-01-2025 01:29	04-01-2025 01:34	1	fried	0
O_1073	R_36	06-01-2025 08:37	06-01-2025 09:11	06-01-2025 09:13	3	grilled	1
O_1074	R_4	08-01-2025 00:56	08-01-2025 01:16	08-01-2025 01:19	3	baked	0
O_1075	R_34	06-01-2025 20:50	06-01-2025 21:16	06-01-2025 21:18	2	baked	0
O_1076	R_35	08-01-2025 07:40	08-01-2025 08:10	08-01-2025 08:17	2	fried	1
O_1077	R_36	07-01-2025 01:00	07-01-2025 01:22	07-01-2025 01:26	1	grilled	0
O_1078	R_30	04-01-2025 10:02	04-01-2025 10:30	04-01-2025 10:34	1	simple	0
O_1079	R_26	06-01-2025 11:22	06-01-2025 11:33	06-01-2025 11:37	4	simple	0
O_1080	R_21	07-01-2025 07:04	07-01-2025 07:19	07-01-2025 07:23	4	grilled	1
O_1081	R_46	08-01-2025 04:45	08-01-2025 05:17	08-01-2025 05:23	3	simple	1
O_1082	R_44	05-01-2025 19:20	05-01-2025 19:40	05-01-2025 19:45	2	grilled	0
O_1083	R_48	01-01-2025 15:07	01-01-2025 15:33	01-01-2025 15:35	4	fried	0
O_1084	R_10	02-01-2025 11:17	02-01-2025 11:45	02-01-2025 11:48	4	baked	0
O_1085	R_36	05-01-2025 11:49	05-01-2025 12:06	05-01-2025 12:10	4	grilled	0
O_1086	R_50	02-01-2025 18:41	02-01-2025 19:08	02-01-2025 19:10	4	fried	1
O_1087	R_26	04-01-2025 14:07	04-01-2025 14:32	04-01-2025 14:35	4	simple	1
O_1088	R_45	07-01-2025 17:54	07-01-2025 18:12	07-01-2025 18:17	5	fried	0
O_1089	R_33	06-01-2025 17:58	06-01-2025 18:09	06-01-2025 18:13	2	grilled	1
O_1090	R_48	06-01-2025 00:53	06-01-2025 01:24	06-01-2025 01:27	1	fried	1
O_1091	R_20	07-01-2025 17:47	07-01-2025 18:04	07-01-2025 18:07	3	baked	0
O_1092	R_31	04-01-2025 08:47	04-01-2025 09:01	04-01-2025 09:05	2	baked	0
O_1093	R_7	01-01-2025 14:30	01-01-2025 14:42	01-01-2025 14:47	1	baked	0
O_1094	R_23	05-01-2025 19:05	05-01-2025 19:37	05-01-2025 19:40	4	simple	1
O_1095	R_27	06-01-2025 11:39	06-01-2025 12:11	06-01-2025 12:13	1	grilled	1
O_1096	R_36	04-01-2025 17:25	04-01-2025 17:37	04-01-2025 17:40	5	simple	0
O_1097	R_5	05-01-2025 06:32	05-01-2025 07:01	05-01-2025 07:08	5	simple	1
O_1098	R_20	02-01-2025 20:04	02-01-2025 20:14	02-01-2025 20:19	5	baked	0
O_1099	R_5	07-01-2025 02:25	07-01-2025 02:48	07-01-2025 02:53	1	baked	0
O_1100	R_15	07-01-2025 18:55	07-01-2025 19:29	07-01-2025 19:32	5	fried	1
O_1101	R_42	03-01-2025 06:32	03-01-2025 06:52	03-01-2025 06:57	4	fried	0
O_1102	R_32	07-01-2025 11:21	07-01-2025 11:51	07-01-2025 11:56	3	baked	1
O_1103	R_18	08-01-2025 06:38	08-01-2025 06:50	08-01-2025 06:53	2	baked	0
O_1104	R_40	06-01-2025 12:27	06-01-2025 12:53	06-01-2025 12:57	5	fried	1
O_1105	R_42	02-01-2025 20:12	02-01-2025 20:34	02-01-2025 20:40	5	simple	1
O_1106	R_34	04-01-2025 13:38	04-01-2025 14:00	04-01-2025 14:07	5	fried	0
O_1107	R_15	01-01-2025 19:44	01-01-2025 20:09	01-01-2025 20:12	1	simple	1
O_1108	R_22	03-01-2025 09:46	03-01-2025 10:06	03-01-2025 10:11	4	fried	1
O_1109	R_44	04-01-2025 04:46	04-01-2025 05:08	04-01-2025 05:12	5	simple	0
O_1110	R_23	07-01-2025 14:43	07-01-2025 15:01	07-01-2025 15:04	5	grilled	1
O_1111	R_7	06-01-2025 01:26	06-01-2025 01:55	06-01-2025 01:57	4	baked	0
O_1112	R_33	05-01-2025 06:38	05-01-2025 07:09	05-01-2025 07:15	1	grilled	0
O_1113	R_7	06-01-2025 03:57	06-01-2025 04:16	06-01-2025 04:22	1	baked	1
O_1114	R_29	07-01-2025 13:49	07-01-2025 14:01	07-01-2025 14:07	1	grilled	0
O_1115	R_2	07-01-2025 13:28	07-01-2025 13:43	07-01-2025 13:45	5	simple	1
O_1116	R_32	05-01-2025 22:29	05-01-2025 22:52	05-01-2025 22:58	5	simple	0
O_1117	R_2	01-01-2025 14:28	01-01-2025 14:54	01-01-2025 15:00	3	baked	1
O_1118	R_39	06-01-2025 23:04	06-01-2025 23:36	06-01-2025 23:38	2	simple	1
O_1119	R_7	06-01-2025 23:02	06-01-2025 23:16	06-01-2025 23:19	4	grilled	1
O_1120	R_9	07-01-2025 14:21	07-01-2025 14:48	07-01-2025 14:51	4	grilled	0
O_1121	R_50	05-01-2025 03:28	05-01-2025 03:51	05-01-2025 03:58	5	fried	0
O_1122	R_2	06-01-2025 16:06	06-01-2025 16:34	06-01-2025 16:38	4	fried	0
O_1123	R_15	06-01-2025 15:04	06-01-2025 15:16	06-01-2025 15:20	4	baked	1
O_1124	R_33	08-01-2025 06:50	08-01-2025 07:15	08-01-2025 07:20	5	fried	0
O_1125	R_17	02-01-2025 03:53	02-01-2025 04:03	02-01-2025 04:07	4	grilled	0
O_1126	R_30	07-01-2025 21:43	07-01-2025 22:06	07-01-2025 22:12	4	simple	1
O_1127	R_8	07-01-2025 05:38	07-01-2025 06:03	07-01-2025 06:08	4	baked	0
O_1128	R_47	08-01-2025 00:19	08-01-2025 00:41	08-01-2025 00:44	3	grilled	1
O_1129	R_35	04-01-2025 19:27	04-01-2025 19:51	04-01-2025 19:55	1	simple	0
O_1130	R_36	08-01-2025 04:52	08-01-2025 05:03	08-01-2025 05:08	3	baked	0
O_1131	R_22	02-01-2025 02:41	02-01-2025 03:15	02-01-2025 03:19	2	grilled	1
O_1132	R_46	07-01-2025 13:29	07-01-2025 13:56	07-01-2025 14:02	5	simple	0
O_1133	R_6	01-01-2025 17:02	01-01-2025 17:13	01-01-2025 17:17	5	fried	0
O_1134	R_2	07-01-2025 10:04	07-01-2025 10:19	07-01-2025 10:22	5	grilled	1
O_1135	R_17	06-01-2025 02:43	06-01-2025 02:56	06-01-2025 03:02	2	grilled	1
O_1136	R_45	02-01-2025 10:07	02-01-2025 10:25	02-01-2025 10:31	2	simple	1
O_1137	R_36	07-01-2025 19:41	07-01-2025 20:06	07-01-2025 20:10	3	baked	1
O_1138	R_9	04-01-2025 00:02	04-01-2025 00:22	04-01-2025 00:24	4	simple	0
O_1139	R_9	08-01-2025 03:07	08-01-2025 03:33	08-01-2025 03:35	3	simple	0
O_1140	R_3	01-01-2025 22:05	01-01-2025 22:38	01-01-2025 22:45	3	simple	1
O_1141	R_10	02-01-2025 06:16	02-01-2025 06:45	02-01-2025 06:52	3	simple	0
O_1142	R_39	05-01-2025 07:54	05-01-2025 08:12	05-01-2025 08:17	4	grilled	0
O_1143	R_28	01-01-2025 13:44	01-01-2025 14:11	01-01-2025 14:13	3	fried	0
O_1144	R_14	07-01-2025 16:32	07-01-2025 17:04	07-01-2025 17:07	3	grilled	0
O_1145	R_4	03-01-2025 16:06	03-01-2025 16:20	03-01-2025 16:25	1	simple	1
O_1146	R_48	02-01-2025 19:37	02-01-2025 19:59	02-01-2025 20:01	2	grilled	1
O_1147	R_26	03-01-2025 21:21	03-01-2025 21:55	03-01-2025 22:02	2	fried	1
O_1148	R_33	06-01-2025 03:02	06-01-2025 03:20	06-01-2025 03:22	3	grilled	1
O_1149	R_47	06-01-2025 21:45	06-01-2025 22:04	06-01-2025 22:08	3	simple	0
O_1150	R_9	02-01-2025 13:00	02-01-2025 13:30	02-01-2025 13:37	5	grilled	0
O_1151	R_15	04-01-2025 01:12	04-01-2025 01:23	04-01-2025 01:28	1	grilled	1
O_1152	R_14	07-01-2025 18:49	07-01-2025 19:20	07-01-2025 19:24	3	simple	1
O_1153	R_7	07-01-2025 06:32	07-01-2025 07:00	07-01-2025 07:03	3	fried	0
O_1154	R_12	07-01-2025 05:38	07-01-2025 06:03	07-01-2025 06:10	1	grilled	1
O_1155	R_20	04-01-2025 14:26	04-01-2025 14:50	04-01-2025 14:53	4	simple	1
O_1156	R_3	08-01-2025 01:08	08-01-2025 01:21	08-01-2025 01:28	2	baked	1
O_1157	R_49	04-01-2025 20:02	04-01-2025 20:26	04-01-2025 20:33	4	baked	1
O_1158	R_27	01-01-2025 12:20	01-01-2025 12:40	01-01-2025 12:42	5	grilled	0
O_1159	R_22	04-01-2025 12:31	04-01-2025 12:44	04-01-2025 12:50	5	baked	1
O_1160	R_10	04-01-2025 18:15	04-01-2025 18:28	04-01-2025 18:33	5	simple	0
O_1161	R_45	07-01-2025 17:57	07-01-2025 18:29	07-01-2025 18:36	2	simple	0
O_1162	R_3	05-01-2025 16:04	05-01-2025 16:33	05-01-2025 16:38	5	baked	0
O_1163	R_28	06-01-2025 05:40	06-01-2025 05:52	06-01-2025 05:57	4	grilled	0
O_1164	R_38	04-01-2025 16:33	04-01-2025 17:03	04-01-2025 17:09	3	simple	0
O_1165	R_28	07-01-2025 07:16	07-01-2025 07:45	07-01-2025 07:47	4	fried	1
O_1166	R_42	03-01-2025 11:25	03-01-2025 11:50	03-01-2025 11:53	5	fried	1
O_1167	R_41	04-01-2025 03:39	04-01-2025 04:01	04-01-2025 04:05	2	baked	0
O_1168	R_40	07-01-2025 16:21	07-01-2025 16:52	07-01-2025 16:58	4	baked	1
O_1169	R_4	01-01-2025 21:31	01-01-2025 22:00	01-01-2025 22:05	1	baked	0
O_1170	R_46	05-01-2025 20:22	05-01-2025 20:46	05-01-2025 20:48	4	simple	0
O_1171	R_36	02-01-2025 07:51	02-01-2025 08:04	02-01-2025 08:07	2	fried	0
O_1172	R_8	07-01-2025 17:47	07-01-2025 18:19	07-01-2025 18:26	3	simple	0
O_1173	R_7	01-01-2025 14:37	01-01-2025 14:50	01-01-2025 14:56	4	simple	1
O_1174	R_6	05-01-2025 12:49	05-01-2025 13:07	05-01-2025 13:10	4	simple	0
O_1175	R_19	07-01-2025 10:41	07-01-2025 10:53	07-01-2025 10:55	5	simple	0
O_1176	R_12	03-01-2025 03:02	03-01-2025 03:30	03-01-2025 03:36	2	fried	0
O_1177	R_2	02-01-2025 17:47	02-01-2025 18:06	02-01-2025 18:09	2	simple	1
O_1178	R_41	07-01-2025 01:51	07-01-2025 02:17	07-01-2025 02:24	5	grilled	0
O_1179	R_33	03-01-2025 14:58	03-01-2025 15:31	03-01-2025 15:33	3	simple	0
O_1180	R_41	07-01-2025 08:12	07-01-2025 08:25	07-01-2025 08:28	2	baked	1
O_1181	R_50	03-01-2025 06:14	03-01-2025 06:40	03-01-2025 06:42	3	grilled	1
O_1182	R_13	06-01-2025 08:55	06-01-2025 09:05	06-01-2025 09:10	5	baked	1
O_1183	R_33	06-01-2025 04:14	06-01-2025 04:25	06-01-2025 04:28	4	simple	1
O_1184	R_3	05-01-2025 23:13	05-01-2025 23:33	05-01-2025 23:36	3	simple	0
O_1185	R_42	06-01-2025 00:36	06-01-2025 00:48	06-01-2025 00:53	3	simple	1
O_1186	R_46	03-01-2025 09:22	03-01-2025 09:48	03-01-2025 09:55	2	grilled	0
O_1187	R_29	02-01-2025 20:37	02-01-2025 21:06	02-01-2025 21:13	4	simple	0
O_1188	R_27	04-01-2025 19:13	04-01-2025 19:32	04-01-2025 19:34	5	simple	1
O_1189	R_49	02-01-2025 09:04	02-01-2025 09:35	02-01-2025 09:38	5	fried	1
O_1190	R_19	02-01-2025 07:00	02-01-2025 07:31	02-01-2025 07:33	4	simple	1
O_1191	R_34	05-01-2025 08:32	05-01-2025 08:57	05-01-2025 09:00	2	baked	0
O_1192	R_33	05-01-2025 16:35	05-01-2025 16:52	05-01-2025 16:54	4	simple	1
O_1193	R_2	07-01-2025 11:13	07-01-2025 11:47	07-01-2025 11:50	4	simple	0
O_1194	R_1	04-01-2025 07:15	04-01-2025 07:26	04-01-2025 07:28	3	simple	1
O_1195	R_50	02-01-2025 09:29	02-01-2025 10:03	02-01-2025 10:10	2	grilled	0
O_1196	R_36	07-01-2025 11:18	07-01-2025 11:39	07-01-2025 11:45	4	baked	1
O_1197	R_32	02-01-2025 22:12	02-01-2025 22:28	02-01-2025 22:34	2	baked	1
O_1198	R_36	06-01-2025 20:25	06-01-2025 20:58	06-01-2025 21:05	2	fried	1
O_1199	R_33	04-01-2025 11:47	04-01-2025 12:18	04-01-2025 12:25	4	grilled	0
O_1200	R_14	06-01-2025 09:49	06-01-2025 10:12	06-01-2025 10:18	4	baked	1
